reads_processed	reads_aligned	reads_aligned_percentage	not_aligned	not_aligned_percentage	multimapped	multimapped_percentage	Sample	Mismatches	fastq_name
22957824.0	56240.0	0.24	22901584.0	99.76	664.0	0.0	246264_S96	1	246264_S96
24061548.0	300542.0	1.25	23761006.0	98.75	384.0	0.0	285563_S43	1	285563_S43
23983566.0	1052454.0	4.39	22931112.0	95.61	287.0	0.0	482428_S71	1	482428_S71
23756397.0	133235.0	0.56	23623162.0	99.44	335.0	0.0	668310_S24	1	668310_S24
28117987.0	1033185.0	3.67	27084802.0	96.33	875.0	0.0	696418_S29	1	696418_S29
23362585.0	64698.0	0.28	23297887.0	99.72	252.0	0.0	1243685_S42	1	1243685_S42
30946697.0	214720.0	0.69	30731977.0	99.31	419.0	0.0	1797756_S46	1	1797756_S46
30421221.0	131289.0	0.43	30289932.0	99.57	290.0	0.0	2188675_S33	1	2188675_S33
26846841.0	292441.0	1.09	26554400.0	98.91	336.0	0.0	2525608_S70	1	2525608_S70
25770427.0	142998.0	0.55	25627429.0	99.45	592.0	0.0	2673641_S28	1	2673641_S28
31159711.0	67206.0	0.22	31092505.0	99.78	246.0	0.0	3052480_S93	1	3052480_S93
25786488.0	479346.0	1.86	25307142.0	98.14	415.0	0.0	3283241_S89	1	3283241_S89
31601285.0	158434.0	0.5	31442851.0	99.5	463.0	0.0	3713990_S56	1	3713990_S56
33908712.0	660704.0	1.95	33248008.0	98.05	746.0	0.0	3889845_S87	1	3889845_S87
29919256.0	148768.0	0.5	29770488.0	99.5	630.0	0.0	4127190_S30	1	4127190_S30
28938612.0	193859.0	0.67	28744753.0	99.33	220.0	0.0	4576591_S23	1	4576591_S23
33350632.0	251838.0	0.76	33098794.0	99.24	465.0	0.0	4879843_S6	1	4879843_S6
29213545.0	1016898.0	3.48	28196647.0	96.52	190.0	0.0	4947970_S24	1	4947970_S24
27649344.0	87839.0	0.32	27561505.0	99.68	729.0	0.0	4981936_S29	1	4981936_S29
31902981.0	286135.0	0.9	31616846.0	99.1	451.0	0.0	5102083_S81	1	5102083_S81
26078846.0	404662.0	1.55	25674184.0	98.45	1048.0	0.0	5331374_S79	1	5331374_S79
25131852.0	2191556.0	8.72	22940296.0	91.28	533.0	0.0	5498462_S53	1	5498462_S53
28786664.0	917066.0	3.19	27869598.0	96.81	340.0	0.0	5522533_S19	1	5522533_S19
27624417.0	274801.0	0.99	27349616.0	99.01	280.0	0.0	5689621_S42	1	5689621_S42
24777961.0	141366.0	0.57	24636595.0	99.43	349.0	0.0	5779736_S50	1	5779736_S50
36446373.0	485758.0	1.33	35960615.0	98.67	451.0	0.0	6073025_S54	1	6073025_S54
34297088.0	737938.0	2.15	33559150.0	97.85	349.0	0.0	6804844_S86	1	6804844_S86
24092041.0	238941.0	0.99	23853100.0	99.01	301.0	0.0	7253015_S72	1	7253015_S72
29183401.0	186728.0	0.64	28996673.0	99.36	299.0	0.0	7265221_S30	1	7265221_S30
26972408.0	224269.0	0.83	26748139.0	99.17	474.0	0.0	7287209_S47	1	7287209_S47
30143715.0	118112.0	0.39	30025603.0	99.61	809.0	0.0	7311370_S87	1	7311370_S87
20489621.0	765069.0	3.73	19724552.0	96.27	440.0	0.0	7883803_S93	1	7883803_S93
25655365.0	89232.0	0.35	25566133.0	99.65	639.0	0.0	8109170_S41	1	8109170_S41
28284810.0	81856.0	0.29	28202954.0	99.71	513.0	0.0	8132197_S22	1	8132197_S22
24978979.0	69109.0	0.28	24909870.0	99.72	504.0	0.0	8637647_S52	1	8637647_S52
29590798.0	274887.0	0.93	29315911.0	99.07	542.0	0.0	8682642_S44	1	8682642_S44
26585183.0	124384.0	0.47	26460799.0	99.53	796.0	0.0	9032080_S92	1	9032080_S92
31482840.0	299429.0	0.95	31183411.0	99.05	402.0	0.0	9391376_S83	1	9391376_S83
26953710.0	170388.0	0.63	26783322.0	99.37	257.0	0.0	9650662_S23	1	9650662_S23
30447478.0	133356.0	0.44	30314122.0	99.56	349.0	0.0	10002167_S73	1	10002167_S73
31600957.0	285631.0	0.9	31315326.0	99.1	447.0	0.0	10100736_S13	1	10100736_S13
27002424.0	110189.0	0.41	26892235.0	99.59	632.0	0.0	10202345_S87	1	10202345_S87
31442244.0	206205.0	0.66	31236039.0	99.34	664.0	0.0	10203224_S77	1	10203224_S77
31394565.0	167932.0	0.53	31226633.0	99.47	551.0	0.0	10216869_S76	1	10216869_S76
27368124.0	306309.0	1.12	27061815.0	98.88	467.0	0.0	10246987_S32	1	10246987_S32
32661626.0	283409.0	0.87	32378217.0	99.13	356.0	0.0	10263208_S50	1	10263208_S50
23628519.0	811475.0	3.43	22817044.0	96.57	339.0	0.0	10267798_S51	1	10267798_S51
36163969.0	117785.0	0.33	36046184.0	99.67	702.0	0.0	10284019_S90	1	10284019_S90
30461011.0	180095.0	0.59	30280916.0	99.41	213.0	0.0	10288185_S30	1	10288185_S30
28148700.0	408103.0	1.45	27740597.0	98.55	926.0	0.0	10291856_S48	1	10291856_S48
27330718.0	518312.0	1.9	26812406.0	98.1	242.0	0.0	10298957_S27	1	10298957_S27
25293469.0	569103.0	2.25	24724366.0	97.75	218.0	0.0	10319069_S9	1	10319069_S9
23500683.0	142453.0	0.61	23358230.0	99.39	683.0	0.0	10371937_S93	1	10371937_S93
17131611.0	141645.0	0.83	16989966.0	99.17	439.0	0.0	10436131_S75	1	10436131_S75
27872674.0	80692.0	0.29	27791982.0	99.71	268.0	0.0	10438999_S90	1	10438999_S90
19658710.0	376855.0	1.92	19281855.0	98.08	169.0	0.0	10459674_S43	1	10459674_S43
31500487.0	170684.0	0.54	31329803.0	99.46	555.0	0.0	10473384_S35	1	10473384_S35
33283342.0	258829.0	0.78	33024513.0	99.22	1148.0	0.0	10484873_S39	1	10484873_S39
30762559.0	210702.0	0.68	30551857.0	99.32	249.0	0.0	10488101_S12	1	10488101_S12
18809716.0	119884.0	0.64	18689832.0	99.36	332.0	0.0	10510090_S91	1	10510090_S91
23983147.0	158174.0	0.66	23824973.0	99.34	394.0	0.0	10516762_S30	1	10516762_S30
31174135.0	639737.0	2.05	30534398.0	97.95	334.0	0.0	10518782_S33	1	10518782_S33
29397213.0	323756.0	1.1	29073457.0	98.9	580.0	0.0	10551157_S78	1	10551157_S78
31408177.0	353454.0	1.13	31054723.0	98.87	384.0	0.0	10557081_S92	1	10557081_S92
34956547.0	254635.0	0.73	34701912.0	99.27	363.0	0.0	10572120_S44	1	10572120_S44
29071450.0	265481.0	0.91	28805969.0	99.09	472.0	0.0	10606903_S9	1	10606903_S9
27627935.0	402885.0	1.46	27225050.0	98.54	274.0	0.0	10669174_S11	1	10669174_S11
25253834.0	479504.0	1.9	24774330.0	98.1	537.0	0.0	10686233_S77	1	10686233_S77
30090329.0	450102.0	1.5	29640227.0	98.5	584.0	0.0	10866165_S39	1	10866165_S39
30110152.0	732497.0	2.43	29377655.0	97.57	1473.0	0.0	10901987_S61	1	10901987_S61
29080546.0	163991.0	0.56	28916555.0	99.44	397.0	0.0	10986136_S64	1	10986136_S64
27421974.0	256919.0	0.94	27165055.0	99.06	169.0	0.0	11200645_S68	1	11200645_S68
26333932.0	609300.0	2.31	25724632.0	97.69	230.0	0.0	11240247_S63	1	11240247_S63
30259565.0	1073044.0	3.55	29186521.0	96.45	670.0	0.0	11390174_S28	1	11390174_S28
29783583.0	139991.0	0.47	29643592.0	99.53	302.0	0.0	11399871_S67	1	11399871_S67
27502254.0	58715.0	0.21	27443539.0	99.79	385.0	0.0	12788806_S14	1	12788806_S14
23299381.0	268865.0	1.15	23030516.0	98.85	348.0	0.0	14030021_S75	1	14030021_S75
26881253.0	208156.0	0.77	26673097.0	99.23	391.0	0.0	14184286_S56	1	14184286_S56
25963731.0	417363.0	1.61	25546368.0	98.39	472.0	0.0	14393933_S88	1	14393933_S88
30042983.0	159308.0	0.53	29883675.0	99.47	437.0	0.0	14397423_S83	1	14397423_S83
29933712.0	487307.0	1.63	29446405.0	98.37	295.0	0.0	14452889_S73	1	14452889_S73
28280418.0	349279.0	1.24	27931139.0	98.76	292.0	0.0	14498577_S3	1	14498577_S3
22379500.0	169155.0	0.76	22210345.0	99.24	847.0	0.0	14726154_S56	1	14726154_S56
27903193.0	80389.0	0.29	27822804.0	99.71	351.0	0.0	15103261_S89	1	15103261_S89
23831983.0	111166.0	0.47	23720817.0	99.53	850.0	0.0	15138884_S95	1	15138884_S95
35781275.0	363437.0	1.02	35417838.0	98.98	403.0	0.0	15141429_S85	1	15141429_S85
23264855.0	311003.0	1.34	22953852.0	98.66	280.0	0.0	15175325_S18	1	15175325_S18
30355388.0	324359.0	1.07	30031029.0	98.93	628.0	0.0	15176592_S29	1	15176592_S29
28685094.0	406842.0	1.42	28278252.0	98.58	316.0	0.0	15179365_S42	1	15179365_S42
27267460.0	652263.0	2.39	26615197.0	97.61	514.0	0.0	15196848_S55	1	15196848_S55
29100375.0	140302.0	0.48	28960073.0	99.52	223.0	0.0	15218541_S62	1	15218541_S62
31558094.0	187196.0	0.59	31370898.0	99.41	485.0	0.0	15373321_S64	1	15373321_S64
23334373.0	151878.0	0.65	23182495.0	99.35	376.0	0.0	16029910_S9	1	16029910_S9
23018569.0	230058.0	1.0	22788511.0	99.0	185.0	0.0	16068769_S17	1	16068769_S17
27715345.0	628995.0	2.27	27086350.0	97.73	385.0	0.0	16513683_S62	1	16513683_S62
28695610.0	1536634.0	5.35	27158976.0	94.65	457.0	0.0	16621574_S2	1	16621574_S2
29155243.0	176384.0	0.6	28978859.0	99.4	429.0	0.0	17219510_S75	1	17219510_S75
25924144.0	522343.0	2.01	25401801.0	97.99	297.0	0.0	17260313_S57	1	17260313_S57
24679709.0	119722.0	0.49	24559987.0	99.51	677.0	0.0	17375017_S49	1	17375017_S49
26317731.0	85073.0	0.32	26232658.0	99.68	387.0	0.0	17615774_S93	1	17615774_S93
22646426.0	334176.0	1.48	22312250.0	98.52	767.0	0.0	17929065_S63	1	17929065_S63
27121862.0	697956.0	2.57	26423906.0	97.43	1510.0	0.01	18219966_S1	1	18219966_S1
26400289.0	288695.0	1.09	26111594.0	98.91	425.0	0.0	18643192_S86	1	18643192_S86
29565733.0	282701.0	0.96	29283032.0	99.04	354.0	0.0	18659212_S66	1	18659212_S66
19575306.0	147040.0	0.75	19428266.0	99.25	178.0	0.0	18920002_S96	1	18920002_S96
28669007.0	104170.0	0.36	28564837.0	99.64	190.0	0.0	19429100_S23	1	19429100_S23
26755975.0	1111381.0	4.15	25644594.0	95.85	463.0	0.0	19785885_S45	1	19785885_S45
28960596.0	177955.0	0.61	28782641.0	99.39	489.0	0.0	20105242_S34	1	20105242_S34
21591342.0	60662.0	0.28	21530680.0	99.72	628.0	0.0	20109020_S81	1	20109020_S81
30605340.0	237934.0	0.78	30367406.0	99.22	563.0	0.0	20124619_S83	1	20124619_S83
28602549.0	284476.0	0.99	28318073.0	99.01	363.0	0.0	20143248_S45	1	20143248_S45
37155064.0	1126356.0	3.03	36028708.0	96.97	331.0	0.0	20148879_S37	1	20148879_S37
34030740.0	96759.0	0.28	33933981.0	99.72	627.0	0.0	20151388_S88	1	20151388_S88
27345035.0	401929.0	1.47	26943106.0	98.53	243.0	0.0	20153984_S91	1	20153984_S91
20718673.0	405079.0	1.96	20313594.0	98.04	368.0	0.0	20180815_S61	1	20180815_S61
29355053.0	383495.0	1.31	28971558.0	98.69	209.0	0.0	20186901_S57	1	20186901_S57
24023373.0	211810.0	0.88	23811563.0	99.12	447.0	0.0	20187042_S56	1	20187042_S56
29642518.0	920729.0	3.11	28721789.0	96.89	406.0	0.0	20187204_S38	1	20187204_S38
21499106.0	313569.0	1.46	21185537.0	98.54	341.0	0.0	20195344_S17	1	20195344_S17
22376023.0	151769.0	0.68	22224254.0	99.32	488.0	0.0	20197364_S48	1	20197364_S48
25848122.0	71568.0	0.28	25776554.0	99.72	268.0	0.0	20201891_S89	1	20201891_S89
27748002.0	230393.0	0.83	27517609.0	99.17	350.0	0.0	20201927_S41	1	20201927_S41
26912736.0	795646.0	2.96	26117090.0	97.04	441.0	0.0	20204114_S88	1	20204114_S88
28826737.0	1507695.0	5.23	27319042.0	94.77	1693.0	0.01	20205705_S79	1	20205705_S79
24294891.0	68968.0	0.28	24225923.0	99.72	373.0	0.0	20207013_S1	1	20207013_S1
23075396.0	185243.0	0.8	22890153.0	99.2	638.0	0.0	20208992_S38	1	20208992_S38
36207364.0	66710.0	0.18	36140654.0	99.82	669.0	0.0	20223617_S79	1	20223617_S79
29712731.0	361095.0	1.22	29351636.0	98.78	342.0	0.0	20233939_S78	1	20233939_S78
19755405.0	926751.0	4.69	18828654.0	95.31	1476.0	0.01	20237131_S68	1	20237131_S68
29006015.0	178723.0	0.62	28827292.0	99.38	358.0	0.0	20242958_S63	1	20242958_S63
30080041.0	294175.0	0.98	29785866.0	99.02	411.0	0.0	20248206_S31	1	20248206_S31
24255611.0	630856.0	2.6	23624755.0	97.4	2126.0	0.01	20254588_S51	1	20254588_S51
30939438.0	963807.0	3.12	29975631.0	96.88	324.0	0.0	20260734_S2	1	20260734_S2
33197706.0	761396.0	2.29	32436310.0	97.71	924.0	0.0	20261613_S25	1	20261613_S25
28668930.0	166182.0	0.58	28502748.0	99.42	278.0	0.0	20270768_S54	1	20270768_S54
35178239.0	145140.0	0.41	35033099.0	99.59	1044.0	0.0	20271359_S58	1	20271359_S58
29172139.0	232215.0	0.8	28939924.0	99.2	262.0	0.0	20280666_S42	1	20280666_S42
26046773.0	112210.0	0.43	25934563.0	99.57	700.0	0.0	20282398_S87	1	20282398_S87
25067203.0	64598.0	0.26	25002605.0	99.74	757.0	0.0	20282974_S40	1	20282974_S40
29287978.0	66306.0	0.23	29221672.0	99.77	271.0	0.0	20297791_S71	1	20297791_S71
27211598.0	127216.0	0.47	27084382.0	99.53	219.0	0.0	20311676_S76	1	20311676_S76
24051007.0	277751.0	1.15	23773256.0	98.85	526.0	0.0	20348895_S12	1	20348895_S12
29170987.0	380341.0	1.3	28790646.0	98.7	375.0	0.0	20376029_S50	1	20376029_S50
36043917.0	81248.0	0.23	35962669.0	99.77	521.0	0.0	20380417_S85	1	20380417_S85
24575964.0	570688.0	2.32	24005276.0	97.68	271.0	0.0	20380831_S47	1	20380831_S47
30660315.0	364914.0	1.19	30295401.0	98.81	533.0	0.0	20439591_S31	1	20439591_S31
33023633.0	679607.0	2.06	32344026.0	97.94	304.0	0.0	20455807_S25	1	20455807_S25
29890638.0	650911.0	2.18	29239727.0	97.82	317.0	0.0	20474300_S55	1	20474300_S55
29921339.0	115842.0	0.39	29805497.0	99.61	308.0	0.0	20501668_S7	1	20501668_S7
30397313.0	188838.0	0.62	30208475.0	99.38	177.0	0.0	20504017_S81	1	20504017_S81
25307685.0	189014.0	0.75	25118671.0	99.25	402.0	0.0	20521752_S83	1	20521752_S83
27851553.0	505738.0	1.82	27345815.0	98.18	620.0	0.0	20532115_S59	1	20532115_S59
25495801.0	178035.0	0.7	25317766.0	99.3	488.0	0.0	20534423_S64	1	20534423_S64
28197497.0	224764.0	0.8	27972733.0	99.2	248.0	0.0	20569910_S34	1	20569910_S34
28254338.0	238580.0	0.84	28015758.0	99.16	238.0	0.0	20584923_S19	1	20584923_S19
33809594.0	482428.0	1.43	33327166.0	98.57	323.0	0.0	20594669_S2	1	20594669_S2
27604809.0	142309.0	0.52	27462500.0	99.48	198.0	0.0	20603141_S18	1	20603141_S18
29112617.0	549526.0	1.89	28563091.0	98.11	377.0	0.0	20613887_S42	1	20613887_S42
26016028.0	352414.0	1.35	25663614.0	98.65	326.0	0.0	20656964_S60	1	20656964_S60
28868669.0	621921.0	2.15	28246748.0	97.85	504.0	0.0	20665307_S16	1	20665307_S16
27967175.0	678131.0	2.42	27289044.0	97.58	358.0	0.0	20674038_S90	1	20674038_S90
27326763.0	38547.0	0.14	27288216.0	99.86	525.0	0.0	20682204_S65	1	20682204_S65
33829393.0	393835.0	1.16	33435558.0	98.84	361.0	0.0	20712597_S10	1	20712597_S10
29590384.0	651854.0	2.2	28938530.0	97.8	274.0	0.0	20726273_S6	1	20726273_S6
29388617.0	414262.0	1.41	28974355.0	98.59	1047.0	0.0	20774339_S84	1	20774339_S84
31674430.0	335273.0	1.06	31339157.0	98.94	239.0	0.0	20800682_S7	1	20800682_S7
25965483.0	277303.0	1.07	25688180.0	98.93	341.0	0.0	20819999_S59	1	20819999_S59
28377767.0	232689.0	0.82	28145078.0	99.18	349.0	0.0	20834164_S93	1	20834164_S93
31251759.0	336895.0	1.08	30914864.0	98.92	360.0	0.0	20892128_S4	1	20892128_S4
31685475.0	452278.0	1.43	31233197.0	98.57	352.0	0.0	20902039_S4	1	20902039_S4
25362903.0	79000.0	0.31	25283903.0	99.69	514.0	0.0	20906079_S75	1	20906079_S75
24942915.0	1084342.0	4.35	23858573.0	95.65	640.0	0.0	20907534_S28	1	20907534_S28
28373128.0	185396.0	0.65	28187732.0	99.35	108.0	0.0	20917568_S69	1	20917568_S69
35557799.0	60331.0	0.17	35497468.0	99.83	178.0	0.0	20933324_S85	1	20933324_S85
25965031.0	684196.0	2.64	25280835.0	97.36	331.0	0.0	20935218_S11	1	20935218_S11
29748008.0	451840.0	1.52	29296168.0	98.48	225.0	0.0	20965598_S11	1	20965598_S11
30245121.0	372218.0	1.23	29872903.0	98.77	373.0	0.0	20976799_S95	1	20976799_S95
29686144.0	223628.0	0.75	29462516.0	99.25	370.0	0.0	21000478_S8	1	21000478_S8
22818727.0	102371.0	0.45	22716356.0	99.55	223.0	0.0	21000630_S21	1	21000630_S21
27657811.0	110811.0	0.4	27547000.0	99.6	182.0	0.0	21000928_S71	1	21000928_S71
32267938.0	116939.0	0.36	32150999.0	99.64	568.0	0.0	21001195_S52	1	21001195_S52
30882814.0	62640.0	0.2	30820174.0	99.8	322.0	0.0	21001357_S40	1	21001357_S40
32384555.0	201504.0	0.62	32183051.0	99.38	386.0	0.0	21001519_S31	1	21001519_S31
27291914.0	551953.0	2.02	26739961.0	97.98	386.0	0.0	21001771_S54	1	21001771_S54
28601443.0	93506.0	0.33	28507937.0	99.67	314.0	0.0	21001807_S51	1	21001807_S51
26240909.0	291147.0	1.11	25949762.0	98.89	329.0	0.0	21101658_S15	1	21101658_S15
30814200.0	842641.0	2.73	29971559.0	97.27	258.0	0.0	21126823_S22	1	21126823_S22
27931350.0	73032.0	0.26	27858318.0	99.74	214.0	0.0	21135680_S16	1	21135680_S16
30109942.0	297735.0	0.99	29812207.0	99.01	286.0	0.0	21145740_S13	1	21145740_S13
29843316.0	989249.0	3.31	28854067.0	96.69	1231.0	0.0	21151608_S36	1	21151608_S36
24828520.0	202754.0	0.82	24625766.0	99.18	491.0	0.0	21175732_S90	1	21175732_S90
27125119.0	2636538.0	9.72	24488581.0	90.28	247.0	0.0	21362537_S72	1	21362537_S72
32695458.0	939315.0	2.87	31756143.0	97.13	458.0	0.0	21406218_S38	1	21406218_S38
19761776.0	91991.0	0.47	19669785.0	99.53	485.0	0.0	21608092_S21	1	21608092_S21
27621622.0	304470.0	1.1	27317152.0	98.9	662.0	0.0	22644848_S53	1	22644848_S53
23821100.0	291909.0	1.23	23529191.0	98.77	546.0	0.0	22776575_S75	1	22776575_S75
31745879.0	115961.0	0.37	31629918.0	99.63	539.0	0.0	22789958_S10	1	22789958_S10
24385708.0	36073.0	0.15	24349635.0	99.85	536.0	0.0	22868024_S51	1	22868024_S51
22395412.0	653077.0	2.92	21742335.0	97.08	1150.0	0.01	23004922_S36	1	23004922_S36
32143061.0	140205.0	0.44	32002856.0	99.56	765.0	0.0	23892088_S55	1	23892088_S55
30109987.0	325417.0	1.08	29784570.0	98.92	381.0	0.0	24039289_S79	1	24039289_S79
30014883.0	151524.0	0.5	29863359.0	99.5	687.0	0.0	24073245_S32	1	24073245_S32
24644718.0	97809.0	0.4	24546909.0	99.6	537.0	0.0	24219409_S74	1	24219409_S74
23558746.0	925949.0	3.93	22632797.0	96.07	207.0	0.0	24310553_S65	1	24310553_S65
26335865.0	683095.0	2.59	25652770.0	97.41	492.0	0.0	24680888_S70	1	24680888_S70
22370965.0	62431.0	0.28	22308534.0	99.72	315.0	0.0	24747976_S43	1	24747976_S43
28434807.0	186957.0	0.66	28247850.0	99.34	861.0	0.0	25300551_S58	1	25300551_S58
24490987.0	169220.0	0.69	24321767.0	99.31	248.0	0.0	25580771_S21	1	25580771_S21
21403546.0	177536.0	0.83	21226010.0	99.17	333.0	0.0	25837301_S53	1	25837301_S53
28957464.0	140158.0	0.48	28817306.0	99.52	326.0	0.0	26011331_S5	1	26011331_S5
23413460.0	141254.0	0.6	23272206.0	99.4	321.0	0.0	26277427_S3	1	26277427_S3
23077176.0	398485.0	1.73	22678691.0	98.27	495.0	0.0	26569730_S74	1	26569730_S74
28003406.0	712026.0	2.54	27291380.0	97.46	459.0	0.0	26631069_S38	1	26631069_S38
25697716.0	264554.0	1.03	25433162.0	98.97	316.0	0.0	26637867_S62	1	26637867_S62
24264412.0	203750.0	0.84	24060662.0	99.16	294.0	0.0	27242962_S83	1	27242962_S83
24054375.0	76029.0	0.32	23978346.0	99.68	456.0	0.0	27313862_S70	1	27313862_S70
23420620.0	352246.0	1.5	23068374.0	98.5	459.0	0.0	27481601_S26	1	27481601_S26
24392793.0	28806.0	0.12	24363987.0	99.88	668.0	0.0	27560777_S49	1	27560777_S49
26770728.0	978919.0	3.66	25791809.0	96.34	438.0	0.0	27908391_S33	1	27908391_S33
25475007.0	241845.0	0.95	25233162.0	99.05	511.0	0.0	29323436_S91	1	29323436_S91
19648138.0	648302.0	3.3	18999836.0	96.7	398.0	0.0	29821047_S70	1	29821047_S70
26660777.0	119089.0	0.45	26541688.0	99.55	549.0	0.0	29933130_S4	1	29933130_S4
24528462.0	114371.0	0.47	24414091.0	99.53	445.0	0.0	30282435_S91	1	30282435_S91
30311082.0	98724.0	0.33	30212358.0	99.67	360.0	0.0	30711043_S34	1	30711043_S34
30740123.0	76534.0	0.25	30663589.0	99.75	908.0	0.0	31037310_S87	1	31037310_S87
27803996.0	1578622.0	5.68	26225374.0	94.32	240.0	0.0	31509843_S3	1	31509843_S3
27283594.0	176995.0	0.65	27106599.0	99.35	955.0	0.0	31726180_S25	1	31726180_S25
28998976.0	432970.0	1.49	28566006.0	98.51	235.0	0.0	31728786_S18	1	31728786_S18
24172052.0	90764.0	0.38	24081288.0	99.62	446.0	0.0	31756046_S3	1	31756046_S3
24793927.0	101544.0	0.41	24692383.0	99.59	320.0	0.0	31813134_S53	1	31813134_S53
22798140.0	68756.0	0.3	22729384.0	99.7	414.0	0.0	31908032_S9	1	31908032_S9
23044003.0	249332.0	1.08	22794671.0	98.92	529.0	0.0	32016379_S32	1	32016379_S32
34260291.0	149096.0	0.44	34111195.0	99.56	1217.0	0.0	32172588_S39	1	32172588_S39
29538969.0	161154.0	0.55	29377815.0	99.45	394.0	0.0	32383679_S58	1	32383679_S58
25025661.0	648177.0	2.59	24377484.0	97.41	1434.0	0.01	32697960_S19	1	32697960_S19
22418549.0	56583.0	0.25	22361966.0	99.75	571.0	0.0	32705437_S45	1	32705437_S45
23427898.0	188194.0	0.8	23239704.0	99.2	209.0	0.0	33062311_S71	1	33062311_S71
27064886.0	264901.0	0.98	26799985.0	99.02	1208.0	0.0	33321607_S80	1	33321607_S80
32993854.0	189055.0	0.57	32804799.0	99.43	234.0	0.0	33332646_S50	1	33332646_S50
31051506.0	1498063.0	4.82	29553443.0	95.18	565.0	0.0	33411712_S47	1	33411712_S47
29417719.0	255238.0	0.87	29162481.0	99.13	591.0	0.0	33423630_S80	1	33423630_S80
28784694.0	202686.0	0.7	28582008.0	99.3	264.0	0.0	33477756_S89	1	33477756_S89
25984984.0	174792.0	0.67	25810192.0	99.33	852.0	0.0	33501827_S15	1	33501827_S15
29232962.0	241254.0	0.83	28991708.0	99.17	241.0	0.0	33646937_S27	1	33646937_S27
23868406.0	85749.0	0.36	23782657.0	99.64	144.0	0.0	33657002_S17	1	33657002_S17
21660703.0	369707.0	1.71	21290996.0	98.29	299.0	0.0	33679954_S72	1	33679954_S72
28035826.0	46913.0	0.17	27988913.0	99.83	293.0	0.0	33781047_S49	1	33781047_S49
24137962.0	221215.0	0.92	23916747.0	99.08	309.0	0.0	34287534_S82	1	34287534_S82
32246361.0	537802.0	1.67	31708559.0	98.33	370.0	0.0	34726040_S58	1	34726040_S58
25574469.0	32047.0	0.13	25542422.0	99.87	927.0	0.0	34748028_S39	1	34748028_S39
28601603.0	172415.0	0.6	28429188.0	99.4	442.0	0.0	34962204_S86	1	34962204_S86
25973930.0	282303.0	1.09	25691627.0	98.91	224.0	0.0	34999847_S72	1	34999847_S72
25852556.0	287363.0	1.11	25565193.0	98.89	178.0	0.0	35072859_S71	1	35072859_S71
32394736.0	107197.0	0.33	32287539.0	99.67	1822.0	0.01	35458631_S36	1	35458631_S36
25165580.0	353666.0	1.41	24811914.0	98.59	538.0	0.0	35913453_S74	1	35913453_S74
25528069.0	110828.0	0.43	25417241.0	99.57	328.0	0.0	35941263_S1	1	35941263_S1
28130090.0	652693.0	2.32	27477397.0	97.68	318.0	0.0	36087310_S55	1	36087310_S55
23349961.0	333357.0	1.43	23016604.0	98.57	524.0	0.0	36267530_S95	1	36267530_S95
27151842.0	66804.0	0.25	27085038.0	99.75	567.0	0.0	36492755_S84	1	36492755_S84
24325305.0	133071.0	0.55	24192234.0	99.45	806.0	0.0	36751041_S46	1	36751041_S46
24672513.0	324900.0	1.32	24347613.0	98.68	497.0	0.0	36773029_S27	1	36773029_S27
25535403.0	57436.0	0.22	25477967.0	99.78	445.0	0.0	36830117_S78	1	36830117_S78
26811605.0	95728.0	0.36	26715877.0	99.64	221.0	0.0	37065652_S65	1	37065652_S65
23849666.0	116873.0	0.49	23732793.0	99.51	393.0	0.0	37125649_S55	1	37125649_S55
28678285.0	952142.0	3.32	27726143.0	96.68	639.0	0.0	37178462_S78	1	37178462_S78
28889240.0	869413.0	3.01	28019827.0	96.99	511.0	0.0	37251992_S35	1	37251992_S35
24221360.0	479596.0	1.98	23741764.0	98.02	920.0	0.0	37326968_S84	1	37326968_S84
27714753.0	98237.0	0.35	27616516.0	99.65	507.0	0.0	37393077_S74	1	37393077_S74
29849269.0	113099.0	0.38	29736170.0	99.62	429.0	0.0	37439930_S67	1	37439930_S67
27225046.0	261758.0	0.96	26963288.0	99.04	273.0	0.0	37470097_S41	1	37470097_S41
20466319.0	289075.0	1.41	20177244.0	98.59	404.0	0.0	38056377_S69	1	38056377_S69
27630318.0	102070.0	0.37	27528248.0	99.63	229.0	0.0	38131115_S68	1	38131115_S68
26880116.0	493604.0	1.84	26386512.0	98.16	246.0	0.0	38606123_S88	1	38606123_S88
22908332.0	225369.0	0.98	22682963.0	99.02	225.0	0.0	39125441_S70	1	39125441_S70
26064739.0	375238.0	1.44	25689501.0	98.56	214.0	0.0	39130132_S82	1	39130132_S82
25535968.0	74084.0	0.29	25461884.0	99.71	528.0	0.0	39136480_S32	1	39136480_S32
29382955.0	231753.0	0.79	29151202.0	99.21	378.0	0.0	39316600_S7	1	39316600_S7
28117673.0	729874.0	2.6	27387799.0	97.4	761.0	0.0	39393581_S46	1	39393581_S46
30547747.0	159162.0	0.52	30388585.0	99.48	434.0	0.0	39405962_S55	1	39405962_S55
23487936.0	36649.0	0.16	23451287.0	99.84	231.0	0.0	39407432_S34	1	39407432_S34
29645407.0	166024.0	0.56	29479383.0	99.44	339.0	0.0	39484737_S76	1	39484737_S76
32960062.0	89338.0	0.27	32870724.0	99.73	1037.0	0.0	39721045_S35	1	39721045_S35
26131689.0	386836.0	1.48	25744853.0	98.52	593.0	0.0	39800111_S7	1	39800111_S7
27883641.0	475793.0	1.71	27407848.0	98.29	222.0	0.0	39989287_S47	1	39989287_S47
31316589.0	464671.0	1.48	30851918.0	98.52	302.0	0.0	40071481_S35	1	40071481_S35
26254118.0	291172.0	1.11	25962946.0	98.89	245.0	0.0	40510997_S24	1	40510997_S24
26466044.0	290759.0	1.1	26175285.0	98.9	180.0	0.0	41265021_S53	1	41265021_S53
29070098.0	507362.0	1.75	28562736.0	98.25	166.0	0.0	41285665_S67	1	41285665_S67
27453129.0	2768974.0	10.09	24684155.0	89.91	327.0	0.0	41417981_S3	1	41417981_S3
37350917.0	296108.0	0.79	37054809.0	99.21	294.0	0.0	41773404_S2	1	41773404_S2
30130588.0	284723.0	0.94	29845865.0	99.06	356.0	0.0	41828674_S62	1	41828674_S62
29207840.0	492871.0	1.69	28714969.0	98.31	485.0	0.0	42543978_S44	1	42543978_S44
29885800.0	211408.0	0.71	29674392.0	99.29	383.0	0.0	42826974_S86	1	42826974_S86
23096253.0	108100.0	0.47	22988153.0	99.53	247.0	0.0	43074402_S56	1	43074402_S56
32497168.0	111088.0	0.34	32386080.0	99.66	581.0	0.0	43536587_S37	1	43536587_S37
24641527.0	113869.0	0.46	24527658.0	99.54	364.0	0.0	44019405_S67	1	44019405_S67
26533989.0	47820.0	0.18	26486169.0	99.82	633.0	0.0	44299049_S29	1	44299049_S29
28413633.0	701121.0	2.47	27712512.0	97.53	332.0	0.0	44472870_S17	1	44472870_S17
24367196.0	125973.0	0.52	24241223.0	99.48	898.0	0.0	44671043_S42	1	44671043_S42
28111873.0	158986.0	0.57	27952887.0	99.43	466.0	0.0	44749170_S81	1	44749170_S81
25180193.0	219618.0	0.87	24960575.0	99.13	242.0	0.0	44751386_S23	1	44751386_S23
27446964.0	157240.0	0.57	27289724.0	99.43	211.0	0.0	44842532_S26	1	44842532_S26
30553944.0	198629.0	0.65	30355315.0	99.35	572.0	0.0	44985334_S35	1	44985334_S35
28832744.0	95065.0	0.33	28737679.0	99.67	626.0	0.0	45115248_S28	1	45115248_S28
30955778.0	169121.0	0.55	30786657.0	99.45	349.0	0.0	45212640_S72	1	45212640_S72
25510562.0	291349.0	1.14	25219213.0	98.86	550.0	0.0	45514725_S11	1	45514725_S11
23416873.0	688924.0	2.94	22727949.0	97.06	414.0	0.0	45566083_S46	1	45566083_S46
27954005.0	123095.0	0.44	27830910.0	99.56	660.0	0.0	45795112_S36	1	45795112_S36
27878570.0	348732.0	1.25	27529838.0	98.75	357.0	0.0	45800230_S96	1	45800230_S96
29525287.0	270045.0	0.91	29255242.0	99.09	235.0	0.0	46000440_S19	1	46000440_S19
29703441.0	369042.0	1.24	29334399.0	98.76	283.0	0.0	46105408_S90	1	46105408_S90
26691437.0	219382.0	0.82	26472055.0	99.18	335.0	0.0	46246604_S1	1	46246604_S1
32184035.0	102887.0	0.32	32081148.0	99.68	667.0	0.0	46251007_S10	1	46251007_S10
24327434.0	204687.0	0.84	24122747.0	99.16	307.0	0.0	46291609_S37	1	46291609_S37
30230917.0	109673.0	0.36	30121244.0	99.64	239.0	0.0	46369736_S18	1	46369736_S18
24651057.0	73850.0	0.3	24577207.0	99.7	958.0	0.0	46909396_S77	1	46909396_S77
28349465.0	527354.0	1.86	27822111.0	98.14	467.0	0.0	46910335_S44	1	46910335_S44
24196535.0	81861.0	0.34	24114674.0	99.66	629.0	0.0	47236602_S68	1	47236602_S68
27706417.0	632626.0	2.28	27073791.0	97.72	384.0	0.0	47520485_S15	1	47520485_S15
25008817.0	352968.0	1.41	24655849.0	98.59	207.0	0.0	47652086_S74	1	47652086_S74
32935272.0	99641.0	0.3	32835631.0	99.7	404.0	0.0	48023497_S77	1	48023497_S77
23401761.0	41233.0	0.18	23360528.0	99.82	469.0	0.0	48331728_S95	1	48331728_S95
25486870.0	287325.0	1.13	25199545.0	98.87	339.0	0.0	48480640_S88	1	48480640_S88
24289754.0	938120.0	3.86	23351634.0	96.14	272.0	0.0	48697089_S90	1	48697089_S90
30390442.0	283872.0	0.93	30106570.0	99.07	334.0	0.0	48748345_S68	1	48748345_S68
27929712.0	46578.0	0.17	27883134.0	99.83	194.0	0.0	49429845_S51	1	49429845_S51
29697542.0	84813.0	0.29	29612729.0	99.71	433.0	0.0	50100806_S94	1	50100806_S94
18406380.0	84968.0	0.46	18321412.0	99.54	152.0	0.0	50101073_S48	1	50101073_S48
26248406.0	210468.0	0.8	26037938.0	99.2	255.0	0.0	50101497_S33	1	50101497_S33
23894568.0	1078512.0	4.51	22816056.0	95.49	516.0	0.0	50101523_S13	1	50101523_S13
25343757.0	75150.0	0.3	25268607.0	99.7	742.0	0.0	50102114_S43	1	50102114_S43
23336973.0	259017.0	1.11	23077956.0	98.89	733.0	0.0	50102376_S15	1	50102376_S15
31910272.0	224400.0	0.7	31685872.0	99.3	458.0	0.0	50102664_S89	1	50102664_S89
33224006.0	81828.0	0.25	33142178.0	99.75	250.0	0.0	50102790_S95	1	50102790_S95
28030280.0	251723.0	0.9	27778557.0	99.1	1030.0	0.0	50103093_S79	1	50103093_S79
30761046.0	235224.0	0.76	30525822.0	99.24	332.0	0.0	50103129_S28	1	50103129_S28
16763195.0	839448.0	5.01	15923747.0	94.99	238.0	0.0	50103381_S67	1	50103381_S67
22372625.0	109023.0	0.49	22263602.0	99.51	475.0	0.0	50103967_S82	1	50103967_S82
32859862.0	1043193.0	3.17	31816669.0	96.83	256.0	0.0	50104396_S37	1	50104396_S37
25586513.0	190828.0	0.75	25395685.0	99.25	309.0	0.0	50104710_S96	1	50104710_S96
27554549.0	1613095.0	5.85	25941454.0	94.15	200.0	0.0	50104846_S12	1	50104846_S12
27688943.0	259508.0	0.94	27429435.0	99.06	473.0	0.0	50105301_S43	1	50105301_S43
31002528.0	232167.0	0.75	30770361.0	99.25	530.0	0.0	50105851_S77	1	50105851_S77
20845116.0	133091.0	0.64	20712025.0	99.36	122.0	0.0	50106442_S59	1	50106442_S59
25693598.0	1303897.0	5.07	24389701.0	94.93	196.0	0.0	50106730_S49	1	50106730_S49
23655154.0	98811.0	0.42	23556343.0	99.58	489.0	0.0	50106866_S93	1	50106866_S93
23224981.0	101337.0	0.44	23123644.0	99.56	364.0	0.0	50106992_S49	1	50106992_S49
29697170.0	146950.0	0.49	29550220.0	99.51	808.0	0.0	50107295_S39	1	50107295_S39
24067332.0	433934.0	1.8	23633398.0	98.2	621.0	0.0	50107583_S96	1	50107583_S96
30712032.0	311822.0	1.02	30400210.0	98.98	403.0	0.0	50107619_S50	1	50107619_S50
25641113.0	73425.0	0.29	25567688.0	99.71	381.0	0.0	50108200_S90	1	50108200_S90
28833114.0	718044.0	2.49	28115070.0	97.51	334.0	0.0	50108462_S60	1	50108462_S60
34751315.0	105416.0	0.3	34645899.0	99.7	843.0	0.0	50108750_S31	1	50108750_S31
28158469.0	328407.0	1.17	27830062.0	98.83	340.0	0.0	50108886_S3	1	50108886_S3
25159453.0	635007.0	2.52	24524446.0	97.48	645.0	0.0	50108912_S26	1	50108912_S26
27484236.0	122070.0	0.44	27362166.0	99.56	342.0	0.0	50109189_S94	1	50109189_S94
27011340.0	111303.0	0.41	26900037.0	99.59	354.0	0.0	50109477_S32	1	50109477_S32
27966286.0	352458.0	1.26	27613828.0	98.74	679.0	0.0	50109639_S29	1	50109639_S29
26272096.0	1184568.0	4.51	25087528.0	95.49	251.0	0.0	50109927_S21	1	50109927_S21
22779134.0	37492.0	0.16	22741642.0	99.84	311.0	0.0	50112274_S33	1	50112274_S33
24308090.0	126056.0	0.52	24182034.0	99.48	342.0	0.0	50197261_S81	1	50197261_S81
31474181.0	816150.0	2.59	30658031.0	97.41	321.0	0.0	50199993_S31	1	50199993_S31
27509844.0	500586.0	1.82	27009258.0	98.18	311.0	0.0	50300084_S81	1	50300084_S81
30733083.0	162826.0	0.53	30570257.0	99.47	1057.0	0.0	50300246_S84	1	50300246_S84
26034273.0	550231.0	2.11	25484042.0	97.89	350.0	0.0	50300534_S25	1	50300534_S25
24723807.0	54825.0	0.22	24668982.0	99.78	379.0	0.0	50300660_S16	1	50300660_S16
25811505.0	1210233.0	4.69	24601272.0	95.31	447.0	0.0	50300958_S94	1	50300958_S94
24976546.0	220000.0	0.88	24756546.0	99.12	350.0	0.0	50301125_S30	1	50301125_S30
28307946.0	134040.0	0.47	28173906.0	99.53	543.0	0.0	50301387_S86	1	50301387_S86
24473425.0	139891.0	0.57	24333534.0	99.43	448.0	0.0	50301549_S89	1	50301549_S89
24496514.0	476316.0	1.94	24020198.0	98.06	670.0	0.0	50301675_S80	1	50301675_S80
28295869.0	191637.0	0.68	28104232.0	99.32	479.0	0.0	50302392_S52	1	50302392_S52
35681318.0	169040.0	0.47	35512278.0	99.53	399.0	0.0	50302554_S37	1	50302554_S37
31376257.0	264775.0	0.84	31111482.0	99.16	346.0	0.0	50302680_S94	1	50302680_S94
31207524.0	125277.0	0.4	31082247.0	99.6	238.0	0.0	50302716_S15	1	50302716_S15
27755778.0	125130.0	0.45	27630648.0	99.55	270.0	0.0	50302978_S52	1	50302978_S52
26535132.0	2174745.0	8.2	24360387.0	91.8	345.0	0.0	50303019_S20	1	50303019_S20
24546197.0	465218.0	1.9	24080979.0	98.1	260.0	0.0	50303307_S20	1	50303307_S20
28280419.0	250870.0	0.89	28029549.0	99.11	1109.0	0.0	50304024_S39	1	50304024_S39
25207425.0	80045.0	0.32	25127380.0	99.68	253.0	0.0	50400259_S19	1	50400259_S19
13195201.0	1803178.0	13.67	11392023.0	86.33	251.0	0.0	50400835_S92	1	50400835_S92
25218959.0	207723.0	0.82	25011236.0	99.18	518.0	0.0	50400961_S46	1	50400961_S46
31040061.0	61119.0	0.2	30978942.0	99.8	251.0	0.0	50401002_S60	1	50401002_S60
27105493.0	37865.0	0.14	27067628.0	99.86	534.0	0.0	50401390_S54	1	50401390_S54
19241716.0	46792.0	0.24	19194924.0	99.76	310.0	0.0	50402017_S21	1	50402017_S21
28782786.0	431286.0	1.5	28351500.0	98.5	326.0	0.0	50402305_S8	1	50402305_S8
27688425.0	182142.0	0.66	27506283.0	99.34	171.0	0.0	50402567_S17	1	50402567_S17
26564423.0	170706.0	0.64	26393717.0	99.36	523.0	0.0	50402693_S68	1	50402693_S68
28408804.0	309379.0	1.09	28099425.0	98.91	1549.0	0.01	50403446_S84	1	50403446_S84
27788031.0	919750.0	3.31	26868281.0	96.69	1222.0	0.0	50403996_S87	1	50403996_S87
26975513.0	233833.0	0.87	26741680.0	99.13	330.0	0.0	50405330_S80	1	50405330_S80
28396119.0	379343.0	1.34	28016776.0	98.66	531.0	0.0	50406057_S85	1	50406057_S85
26063681.0	563103.0	2.16	25500578.0	97.84	301.0	0.0	50406345_S8	1	50406345_S8
24422128.0	29404.0	0.12	24392724.0	99.88	328.0	0.0	50408239_S47	1	50408239_S47
26933792.0	325693.0	1.21	26608099.0	98.79	374.0	0.0	50408653_S24	1	50408653_S24
22778755.0	123841.0	0.54	22654914.0	99.46	456.0	0.0	50409406_S45	1	50409406_S45
28508026.0	165361.0	0.58	28342665.0	99.42	569.0	0.0	50410021_S22	1	50410021_S22
22536403.0	204657.0	0.91	22331746.0	99.09	554.0	0.0	50410157_S57	1	50410157_S57
24557156.0	77426.0	0.32	24479730.0	99.68	218.0	0.0	50410319_S23	1	50410319_S23
20925967.0	165861.0	0.79	20760106.0	99.21	359.0	0.0	50500000_S64	1	50500000_S64
24440341.0	149442.0	0.61	24290899.0	99.39	552.0	0.0	50500424_S8	1	50500424_S8
26352507.0	153101.0	0.58	26199406.0	99.42	497.0	0.0	50500550_S81	1	50500550_S81
23360587.0	54829.0	0.23	23305758.0	99.77	390.0	0.0	50502606_S72	1	50502606_S72
26406584.0	137243.0	0.52	26269341.0	99.48	370.0	0.0	51400993_S40	1	51400993_S40
23871784.0	43674.0	0.18	23828110.0	99.82	398.0	0.0	51442191_S5	1	51442191_S5
25140837.0	1152524.0	4.58	23988313.0	95.42	513.0	0.0	51520126_S2	1	51520126_S2
19082951.0	67631.0	0.35	19015320.0	99.65	248.0	0.0	51650969_S57	1	51650969_S57
25993134.0	62478.0	0.24	25930656.0	99.76	207.0	0.0	51791453_S22	1	51791453_S22
26150618.0	295507.0	1.13	25855111.0	98.87	172.0	0.0	51815338_S66	1	51815338_S66
31082133.0	322310.0	1.04	30759823.0	98.96	228.0	0.0	52173227_S20	1	52173227_S20
31305449.0	441318.0	1.41	30864131.0	98.59	487.0	0.0	52311825_S59	1	52311825_S59
35252682.0	118946.0	0.34	35133736.0	99.66	234.0	0.0	53355949_S73	1	53355949_S73
25698076.0	224580.0	0.87	25473496.0	99.13	263.0	0.0	53389845_S14	1	53389845_S14
29559320.0	172097.0	0.58	29387223.0	99.42	298.0	0.0	53682197_S22	1	53682197_S22
30592229.0	176507.0	0.58	30415722.0	99.42	325.0	0.0	53772202_S52	1	53772202_S52
29231956.0	122067.0	0.42	29109889.0	99.58	621.0	0.0	53965805_S45	1	53965805_S45
34334526.0	105045.0	0.31	34229481.0	99.69	447.0	0.0	54324848_S4	1	54324848_S4
29137706.0	153886.0	0.53	28983820.0	99.47	700.0	0.0	54458919_S10	1	54458919_S10
25078945.0	164012.0	0.65	24914933.0	99.35	843.0	0.0	54559063_S88	1	54559063_S88
31336943.0	689271.0	2.2	30647672.0	97.8	576.0	0.0	55177253_S6	1	55177253_S6
27715773.0	305520.0	1.1	27410253.0	98.9	674.0	0.0	55583441_S43	1	55583441_S43
27467488.0	464812.0	1.69	27002676.0	98.31	222.0	0.0	55820335_S5	1	55820335_S5
28521245.0	179836.0	0.63	28341409.0	99.37	226.0	0.0	55897318_S1	1	55897318_S1
24061217.0	272678.0	1.13	23788539.0	98.87	385.0	0.0	55932428_S65	1	55932428_S65
29045287.0	164319.0	0.57	28880968.0	99.43	647.0	0.0	56102646_S91	1	56102646_S91
28800465.0	386653.0	1.34	28413812.0	98.66	252.0	0.0	57835666_S26	1	57835666_S26
31941857.0	973719.0	3.05	30968138.0	96.95	533.0	0.0	57978468_S16	1	57978468_S16
31150568.0	149080.0	0.48	31001488.0	99.52	739.0	0.0	57978756_S77	1	57978756_S77
24077228.0	212759.0	0.88	23864469.0	99.12	552.0	0.0	58006501_S13	1	58006501_S13
27414625.0	347978.0	1.27	27066647.0	98.73	615.0	0.0	58458351_S45	1	58458351_S45
26434629.0	93965.0	0.36	26340664.0	99.64	417.0	0.0	58501637_S94	1	58501637_S94
20876373.0	84645.0	0.41	20791728.0	99.59	213.0	0.0	59150662_S75	1	59150662_S75
29631024.0	109163.0	0.37	29521861.0	99.63	390.0	0.0	59618707_S52	1	59618707_S52
28731034.0	510097.0	1.78	28220937.0	98.22	418.0	0.0	60269051_S13	1	60269051_S13
31538489.0	545633.0	1.73	30992856.0	98.27	488.0	0.0	60278494_S44	1	60278494_S44
26463147.0	60435.0	0.23	26402712.0	99.77	265.0	0.0	60725338_S82	1	60725338_S82
26212723.0	303981.0	1.16	25908742.0	98.84	307.0	0.0	60848460_S68	1	60848460_S68
29225387.0	211131.0	0.72	29014256.0	99.28	1203.0	0.0	60871487_S36	1	60871487_S36
27691838.0	900695.0	3.25	26791143.0	96.75	663.0	0.0	61029627_S80	1	61029627_S80
21665877.0	445788.0	2.06	21220089.0	97.94	259.0	0.0	61142759_S14	1	61142759_S14
28326564.0	103842.0	0.37	28222722.0	99.63	608.0	0.0	61344957_S43	1	61344957_S43
23511875.0	153657.0	0.65	23358218.0	99.35	280.0	0.0	61389630_S57	1	61389630_S57
22590698.0	164218.0	0.73	22426480.0	99.27	271.0	0.0	61709892_S38	1	61709892_S38
23686703.0	121043.0	0.51	23565660.0	99.49	513.0	0.0	61827429_S35	1	61827429_S35
27329008.0	113363.0	0.41	27215645.0	99.59	203.0	0.0	62176713_S69	1	62176713_S69
31928900.0	318901.0	1.0	31609999.0	99.0	1543.0	0.0	62301938_S29	1	62301938_S29
24490568.0	193251.0	0.79	24297317.0	99.21	219.0	0.0	62404688_S26	1	62404688_S26
26927558.0	73645.0	0.27	26853913.0	99.73	323.0	0.0	62985554_S14	1	62985554_S14
25696321.0	141608.0	0.55	25554713.0	99.45	451.0	0.0	63198723_S7	1	63198723_S7
23875561.0	195919.0	0.82	23679642.0	99.18	580.0	0.0	63818202_S62	1	63818202_S62
27114855.0	391928.0	1.45	26722927.0	98.55	337.0	0.0	63874408_S14	1	63874408_S14
29651377.0	98992.0	0.33	29552385.0	99.67	398.0	0.0	64287431_S8	1	64287431_S8
27644469.0	1471389.0	5.32	26173080.0	94.68	292.0	0.0	64493027_S30	1	64493027_S30
25423328.0	334616.0	1.32	25088712.0	98.68	527.0	0.0	65001607_S54	1	65001607_S54
31849967.0	403995.0	1.27	31445972.0	98.73	293.0	0.0	65214844_S79	1	65214844_S79
28474127.0	290384.0	1.02	28183743.0	98.98	283.0	0.0	65652206_S59	1	65652206_S59
28346809.0	928907.0	3.28	27417902.0	96.72	887.0	0.0	65736039_S61	1	65736039_S61
29456772.0	163344.0	0.55	29293428.0	99.45	282.0	0.0	66406040_S53	1	66406040_S53
21592477.0	78908.0	0.37	21513569.0	99.63	483.0	0.0	66447233_S27	1	66447233_S27
24633380.0	340327.0	1.38	24293053.0	98.62	272.0	0.0	66924745_S63	1	66924745_S63
21474407.0	269724.0	1.26	21204683.0	98.74	252.0	0.0	67185070_S95	1	67185070_S95
30858510.0	746249.0	2.42	30112261.0	97.58	317.0	0.0	67216828_S13	1	67216828_S13
31183301.0	87676.0	0.28	31095625.0	99.72	554.0	0.0	67266328_S32	1	67266328_S32
26519817.0	323173.0	1.22	26196644.0	98.78	273.0	0.0	67429065_S15	1	67429065_S15
26768150.0	551107.0	2.06	26217043.0	97.94	1154.0	0.0	67531158_S4	1	67531158_S4
28431014.0	109382.0	0.38	28321632.0	99.62	357.0	0.0	67628490_S89	1	67628490_S89
22035281.0	683493.0	3.1	21351788.0	96.9	1119.0	0.01	67725478_S65	1	67725478_S65
24772032.0	83335.0	0.34	24688697.0	99.66	773.0	0.0	67946467_S84	1	67946467_S84
24696226.0	65442.0	0.26	24630784.0	99.74	916.0	0.0	68005345_S44	1	68005345_S44
25534883.0	220102.0	0.86	25314781.0	99.14	481.0	0.0	68015667_S2	1	68015667_S2
33204909.0	66572.0	0.2	33138337.0	99.8	152.0	0.0	68525196_S78	1	68525196_S78
24285537.0	632828.0	2.61	23652709.0	97.39	592.0	0.0	68539908_S4	1	68539908_S4
30412397.0	521144.0	1.71	29891253.0	98.29	286.0	0.0	68725248_S7	1	68725248_S7
24522216.0	134543.0	0.55	24387673.0	99.45	513.0	0.0	68745332_S16	1	68745332_S16
24251728.0	172944.0	0.71	24078784.0	99.29	261.0	0.0	68778359_S9	1	68778359_S9
22212940.0	70281.0	0.32	22142659.0	99.68	323.0	0.0	68914513_S66	1	68914513_S66
27446551.0	70584.0	0.26	27375967.0	99.74	771.0	0.0	69432088_S76	1	69432088_S76
2884.0	29.0	1.01	2855.0	98.99			69982407_S66	1	69982407_S66
31166000.0	313394.0	1.01	30852606.0	98.99	111.0	0.0	69982533_S19	1	69982533_S19
22981799.0	461294.0	2.01	22520505.0	97.99	496.0	0.0	70153803_S23	1	70153803_S23
22523669.0	32299.0	0.14	22491370.0	99.86	421.0	0.0	70625336_S53	1	70625336_S53
28937516.0	143818.0	0.5	28793698.0	99.5	354.0	0.0	70636113_S78	1	70636113_S78
19350558.0	153703.0	0.79	19196855.0	99.21	200.0	0.0	70816595_S27	1	70816595_S27
23760133.0	34082.0	0.14	23726051.0	99.86	356.0	0.0	70883578_S48	1	70883578_S48
29302481.0	403919.0	1.38	28898562.0	98.62	576.0	0.0	70917649_S86	1	70917649_S86
27918653.0	218832.0	0.78	27699821.0	99.22	676.0	0.0	71514280_S6	1	71514280_S6
26375374.0	925978.0	3.51	25449396.0	96.49	305.0	0.0	71727427_S66	1	71727427_S66
25994671.0	64340.0	0.25	25930331.0	99.75	626.0	0.0	72188804_S94	1	72188804_S94
28440657.0	41748.0	0.15	28398909.0	99.85	289.0	0.0	72560222_S33	1	72560222_S33
25468342.0	82853.0	0.33	25385489.0	99.67	676.0	0.0	72650337_S6	1	72650337_S6
35983499.0	28919.0	0.08	35954580.0	99.92	124.0	0.0	72777797_S71	1	72777797_S71
30687929.0	731982.0	2.39	29955947.0	97.61	360.0	0.0	73146926_S48	1	73146926_S48
26349842.0	80543.0	0.31	26269299.0	99.69	451.0	0.0	73177635_S12	1	73177635_S12
48976316.0	667581.0	1.36	48308735.0	98.64	1026.0	0.0	73549281_S67	1	73549281_S67
27015085.0	357366.0	1.32	26657719.0	98.68	897.0	0.0	73763467_S85	1	73763467_S85
23378051.0	30992.0	0.13	23347059.0	99.87	394.0	0.0	74078795_S60	1	74078795_S60
18813370.0	231032.0	1.23	18582338.0	98.77	266.0	0.0	74587057_S20	1	74587057_S20
32398754.0	437363.0	1.35	31961391.0	98.65	414.0	0.0	74718818_S28	1	74718818_S28
26373536.0	708342.0	2.69	25665194.0	97.31	328.0	0.0	74753465_S27	1	74753465_S27
23831203.0	146628.0	0.62	23684575.0	99.38	490.0	0.0	75169847_S16	1	75169847_S16
22894797.0	224412.0	0.98	22670385.0	99.02	523.0	0.0	75175129_S34	1	75175129_S34
26464799.0	654123.0	2.47	25810676.0	97.53	390.0	0.0	75675336_S34	1	75675336_S34
32038335.0	412021.0	1.29	31626314.0	98.71	518.0	0.0	75862131_S83	1	75862131_S83
32192104.0	96813.0	0.3	32095291.0	99.7	228.0	0.0	76431098_S96	1	76431098_S96
28910123.0	299572.0	1.04	28610551.0	98.96	663.0	0.0	76733461_S32	1	76733461_S32
26637430.0	261279.0	0.98	26376151.0	99.02	283.0	0.0	76755449_S57	1	76755449_S57
24371991.0	3664820.0	15.04	20707171.0	84.96	588.0	0.0	76867532_S12	1	76867532_S12
23892509.0	735629.0	3.08	23156880.0	96.92	906.0	0.0	77108236_S50	1	77108236_S50
25807464.0	935845.0	3.63	24871619.0	96.37	491.0	0.0	77143621_S65	1	77143621_S65
27160127.0	354369.0	1.3	26805758.0	98.7	361.0	0.0	77239958_S45	1	77239958_S45
32111702.0	353964.0	1.1	31757738.0	98.9	492.0	0.0	77330002_S25	1	77330002_S25
29877252.0	90814.0	0.3	29786438.0	99.7	353.0	0.0	77631046_S40	1	77631046_S40
25930136.0	358346.0	1.38	25571790.0	98.62	583.0	0.0	77868579_S42	1	77868579_S42
23333670.0	45603.0	0.2	23288067.0	99.8	1316.0	0.01	77891596_S64	1	77891596_S64
21194846.0	127926.0	0.6	21066920.0	99.4	231.0	0.0	77999453_S20	1	77999453_S20
31015622.0	348483.0	1.12	30667139.0	98.88	257.0	0.0	78353027_S61	1	78353027_S61
27276906.0	1598892.0	5.86	25678014.0	94.14	399.0	0.0	78410089_S18	1	78410089_S18
25947738.0	123244.0	0.47	25824494.0	99.53	457.0	0.0	78905055_S75	1	78905055_S75
30737097.0	785965.0	2.56	29951132.0	97.44	481.0	0.0	79155639_S46	1	79155639_S46
23407444.0	35035.0	0.15	23372409.0	99.85	351.0	0.0	79692387_S96	1	79692387_S96
21189541.0	244292.0	1.15	20945249.0	98.85	244.0	0.0	79938680_S74	1	79938680_S74
28583332.0	135931.0	0.48	28447401.0	99.52	442.0	0.0	80592317_S73	1	80592317_S73
22801300.0	150477.0	0.66	22650823.0	99.34	367.0	0.0	81086436_S59	1	81086436_S59
30019378.0	179843.0	0.6	29839535.0	99.4	422.0	0.0	81455345_S38	1	81455345_S38
32417624.0	197179.0	0.61	32220445.0	99.39	290.0	0.0	81526371_S10	1	81526371_S10
30892096.0	391996.0	1.27	30500100.0	98.73	367.0	0.0	81795552_S38	1	81795552_S38
21162739.0	147986.0	0.7	21014753.0	99.3	250.0	0.0	81852640_S69	1	81852640_S69
24021285.0	69308.0	0.29	23951977.0	99.71	953.0	0.0	81874628_S36	1	81874628_S36
25287750.0	651419.0	2.58	24636331.0	97.42	409.0	0.0	82003527_S20	1	82003527_S20
27658336.0	489748.0	1.77	27168588.0	98.23	415.0	0.0	82478522_S94	1	82478522_S94
22058976.0	208462.0	0.95	21850514.0	99.05	310.0	0.0	82527318_S18	1	82527318_S18
22694472.0	126430.0	0.56	22568042.0	99.44	494.0	0.0	82617423_S5	1	82617423_S5
33428885.0	293070.0	0.88	33135815.0	99.12	662.0	0.0	82624422_S6	1	82624422_S6
33846506.0	159972.0	0.47	33686534.0	99.53	423.0	0.0	83034844_S2	1	83034844_S2
34983418.0	194435.0	0.56	34788983.0	99.44	721.0	0.0	83164399_S91	1	83164399_S91
29498284.0	148404.0	0.5	29349880.0	99.5	332.0	0.0	83984043_S56	1	83984043_S56
27231190.0	247947.0	0.91	26983243.0	99.09	481.0	0.0	84417209_S73	1	84417209_S73
26889577.0	361955.0	1.35	26527622.0	98.65	475.0	0.0	84653463_S48	1	84653463_S48
25974069.0	212513.0	0.82	25761556.0	99.18	195.0	0.0	84732827_S14	1	84732827_S14
22697899.0	142172.0	0.63	22555727.0	99.37	484.0	0.0	84858308_S1	1	84858308_S1
26595598.0	102309.0	0.38	26493289.0	99.62	194.0	0.0	84896566_S49	1	84896566_S49
21701230.0	405005.0	1.87	21296225.0	98.13	443.0	0.0	84955962_S66	1	84955962_S66
29591235.0	794053.0	2.68	28797182.0	97.32	257.0	0.0	85300481_S12	1	85300481_S12
30251238.0	1281239.0	4.24	28969999.0	95.76	235.0	0.0	85508351_S25	1	85508351_S25
21202561.0	298717.0	1.41	20903844.0	98.59	460.0	0.0	85584353_S22	1	85584353_S22
27662292.0	248113.0	0.9	27414179.0	99.1	274.0	0.0	85925902_S50	1	85925902_S50
27047571.0	140365.0	0.52	26907206.0	99.48	478.0	0.0	85980779_S92	1	85980779_S92
26882141.0	132692.0	0.49	26749449.0	99.51	977.0	0.0	86071821_S51	1	86071821_S51
20492429.0	190680.0	0.93	20301749.0	99.07	420.0	0.0	86177506_S60	1	86177506_S60
27350731.0	124219.0	0.45	27226512.0	99.55	654.0	0.0	86767530_S37	1	86767530_S37
28561114.0	374891.0	1.31	28186223.0	98.69	234.0	0.0	86934089_S16	1	86934089_S16
32373104.0	48927.0	0.15	32324177.0	99.85	183.0	0.0	87038802_S82	1	87038802_S82
23981932.0	145543.0	0.61	23836389.0	99.39	201.0	0.0	87208386_S63	1	87208386_S63
26303356.0	149177.0	0.57	26154179.0	99.43	347.0	0.0	87264456_S9	1	87264456_S9
21339833.0	58068.0	0.27	21281765.0	99.73	619.0	0.0	87410220_S27	1	87410220_S27
26505888.0	245628.0	0.93	26260260.0	99.07	553.0	0.0	87779516_S76	1	87779516_S76
24294654.0	36614.0	0.15	24258040.0	99.85	308.0	0.0	88488240_S41	1	88488240_S41
28187996.0	140431.0	0.5	28047565.0	99.5	398.0	0.0	89001223_S83	1	89001223_S83
26323506.0	758314.0	2.88	25565192.0	97.12	208.0	0.0	89164957_S20	1	89164957_S20
24520725.0	82984.0	0.34	24437741.0	99.66	366.0	0.0	89377194_S69	1	89377194_S69
21254246.0	164167.0	0.77	21090079.0	99.23	631.0	0.0	89437343_S63	1	89437343_S63
26309950.0	240783.0	0.92	26069167.0	99.08	673.0	0.0	89546375_S87	1	89546375_S87
31896216.0	170007.0	0.53	31726209.0	99.47	860.0	0.0	89614402_S29	1	89614402_S29
27132297.0	556882.0	2.05	26575415.0	97.95	648.0	0.0	89903942_S11	1	89903942_S11
30527656.0	418488.0	1.37	30109168.0	98.63	823.0	0.0	90434801_S28	1	90434801_S28
31854546.0	125300.0	0.39	31729246.0	99.61	320.0	0.0	90447310_S41	1	90447310_S41
25628042.0	541260.0	2.11	25086782.0	97.89	330.0	0.0	90544686_S23	1	90544686_S23
27817717.0	367442.0	1.32	27450275.0	98.68	429.0	0.0	90661046_S8	1	90661046_S8
25614761.0	122464.0	0.48	25492297.0	99.52	754.0	0.0	90821208_S13	1	90821208_S13
29022523.0	191797.0	0.66	28830726.0	99.34	519.0	0.0	90942860_S6	1	90942860_S6
26891240.0	74313.0	0.28	26816927.0	99.72	981.0	0.0	91707643_S77	1	91707643_S77
32553071.0	790207.0	2.43	31762864.0	97.57	270.0	0.0	91897758_S54	1	91897758_S54
32859532.0	604108.0	1.84	32255424.0	98.16	284.0	0.0	91921829_S10	1	91921829_S10
24037538.0	704460.0	2.93	23333078.0	97.07	243.0	0.0	92023910_S65	1	92023910_S65
26002514.0	452826.0	1.74	25549688.0	98.26	366.0	0.0	92113025_S66	1	92113025_S66
31143959.0	567779.0	1.82	30576180.0	98.18	208.0	0.0	92371267_S14	1	92371267_S14
27943654.0	227836.0	0.82	27715818.0	99.18	420.0	0.0	92393245_S40	1	92393245_S40
29386778.0	277299.0	0.94	29109479.0	99.06	557.0	0.0	92613520_S82	1	92613520_S82
25721070.0	117638.0	0.46	25603432.0	99.54	352.0	0.0	92629514_S61	1	92629514_S61
27124976.0	67934.0	0.25	27057042.0	99.75	382.0	0.0	93024957_S10	1	93024957_S10
24805297.0	490295.0	1.98	24315002.0	98.02	459.0	0.0	93462021_S19	1	93462021_S19
20757735.0	175174.0	0.84	20582561.0	99.16	175.0	0.0	94144536_S60	1	94144536_S60
36131522.0	50679.0	0.14	36080843.0	99.86	648.0	0.0	94171205_S37	1	94171205_S37
25975891.0	166676.0	0.64	25809215.0	99.36	342.0	0.0	94430339_S74	1	94430339_S74
21600210.0	307646.0	1.42	21292564.0	98.58	293.0	0.0	94549523_S62	1	94549523_S62
22359723.0	180871.0	0.81	22178852.0	99.19	214.0	0.0	94722642_S70	1	94722642_S70
33666837.0	112031.0	0.33	33554806.0	99.67	601.0	0.0	94852511_S73	1	94852511_S73
23262106.0	75590.0	0.32	23186516.0	99.68	725.0	0.0	94974890_S61	1	94974890_S61
25391878.0	38817.0	0.15	25353061.0	99.85	411.0	0.0	95116046_S95	1	95116046_S95
26933151.0	100659.0	0.37	26832492.0	99.63	217.0	0.0	95330358_S26	1	95330358_S26
28025444.0	256407.0	0.91	27769037.0	99.09	432.0	0.0	95398862_S57	1	95398862_S57
25750859.0	134512.0	0.52	25616347.0	99.48	302.0	0.0	95442315_S3	1	95442315_S3
27620337.0	314367.0	1.14	27305970.0	98.86	341.0	0.0	95491648_S26	1	95491648_S26
26117253.0	159210.0	0.61	25958043.0	99.39	129.0	0.0	96016939_S69	1	96016939_S69
24581114.0	319533.0	1.3	24261581.0	98.7	210.0	0.0	96091926_S69	1	96091926_S69
29370534.0	480380.0	1.64	28890154.0	98.36	458.0	0.0	96189273_S7	1	96189273_S7
30858981.0	130035.0	0.42	30728946.0	99.58	395.0	0.0	96892753_S62	1	96892753_S62
29151476.0	121980.0	0.42	29029496.0	99.58	434.0	0.0	97006937_S88	1	97006937_S88
30023061.0	787081.0	2.62	29235980.0	97.38	289.0	0.0	97220113_S5	1	97220113_S5
29806982.0	1200980.0	4.03	28606002.0	95.97	282.0	0.0	97264179_S41	1	97264179_S41
27248378.0	47084.0	0.17	27201294.0	99.83	408.0	0.0	97882751_S24	1	97882751_S24
26579892.0	1059949.0	3.99	25519943.0	96.01	568.0	0.0	98322204_S76	1	98322204_S76
25582030.0	174916.0	0.68	25407114.0	99.32	262.0	0.0	98953007_S1	1	98953007_S1
30362196.0	260134.0	0.86	30102062.0	99.14	391.0	0.0	99110004_S64	1	99110004_S64
29638362.0	176640.0	0.6	29461722.0	99.4	382.0	0.0	99746564_S54	1	99746564_S54