reads_processed	reads_aligned	reads_aligned_percentage	not_aligned	not_aligned_percentage	multimapped	multimapped_percentage	fastq_name	Mismatches
39253248.0	35627597.0	90.76	3625651.0	9.24	23643.0	0.06	BA1_CA1_olf_1_1	1
23926934.0	21180201.0	88.52	2746733.0	11.48	19029.0	0.08	BA1_CA1_olf_2_1	1
27870889.0	24966859.0	89.58	2904030.0	10.42	16319.0	0.06	BA1_CA1_olf_3_1	1
30234599.0	25864759.0	85.55	4369840.0	14.45	20466.0	0.07	BA1_CA1_olf_4_1	1
36724906.0	31694935.0	86.3	5029971.0	13.7	26613.0	0.07	BA1_CA1_olf_5_1	1
33005830.0	28139273.0	85.26	4866557.0	14.74	23680.0	0.07	BA1_CA1_olf_6_1	1
30810719.0	26546623.0	86.16	4264096.0	13.84	24717.0	0.08	BA1_CA1_olf_7_1	1
27113663.0	23142094.0	85.35	3971569.0	14.65	22793.0	0.08	BA1_CA1_olf_8_1	1
31803710.0	25132786.0	79.02	6670924.0	20.98	59937.0	0.19	BA1_CA1_cor_22_1	1
20733996.0	13455485.0	64.9	7278511.0	35.1	35666.0	0.17	BA1_CA1_cor_23_1	1
23674403.0	18397973.0	77.71	5276430.0	22.29	55630.0	0.23	BA1_CA1_cor_24_1	1
26307056.0	17831538.0	67.78	8475518.0	32.22	44840.0	0.17	BA1_CA1_cor_25_1	1
25285454.0	18600755.0	73.56	6684699.0	26.44	40679.0	0.16	BA1_CA1_cor_26_1	1
12851636.0	9259789.0	72.05	3591847.0	27.95	17298.0	0.13	BA1_CA1_cor_27_1	1
29319396.0	23365142.0	79.69	5954254.0	20.31	49091.0	0.17	BA1_CA1_cor_28_1	1
18384447.0	13095222.0	71.23	5289225.0	28.77	24051.0	0.13	BA1_CA1_cor_29_1	1
42205981.0	36547728.0	86.59	5658253.0	13.41	35370.0	0.08	BA2_CA1_olf_17_1	1
22544580.0	19277385.0	85.51	3267195.0	14.49	20120.0	0.09	BA2_CA1_olf_18_1	1
22590925.0	19471532.0	86.19	3119393.0	13.81	15469.0	0.07	BA2_CA1_olf_19_1	1
25670610.0	21289623.0	82.93	4380987.0	17.07	16290.0	0.06	BA2_CA1_olf_20_1	1
34132330.0	29680768.0	86.96	4451562.0	13.04	21872.0	0.06	BA2_CA1_olf_21_1	1
30818498.0	25505977.0	82.76	5312521.0	17.24	25698.0	0.08	BA2_CA1_olf_22_1	1
35547573.0	30246569.0	85.09	5301004.0	14.91	28606.0	0.08	BA2_CA1_olf_23_1	1
23266703.0	19169299.0	82.39	4097404.0	17.61	16449.0	0.07	BA2_CA1_olf_24_1	1
21041787.0	17233010.0	81.9	3808777.0	18.1	31526.0	0.15	BA2_CA1_cor_30_1	1
15837229.0	11775421.0	74.35	4061808.0	25.65	20798.0	0.13	BA2_CA1_cor_31_1	1
17800915.0	14135856.0	79.41	3665059.0	20.59	31641.0	0.18	BA2_CA1_cor_32_1	1
17974202.0	13506166.0	75.14	4468036.0	24.86	27587.0	0.15	BA2_CA1_cor_33_1	1
21551519.0	16821815.0	78.05	4729704.0	21.95	29350.0	0.14	BA2_CA1_cor_34_1	1
12914123.0	9855582.0	76.32	3058541.0	23.68	17009.0	0.13	BA2_CA1_cor_35_1	1
25808507.0	21308541.0	82.56	4499966.0	17.44	30684.0	0.12	BA2_CA1_cor_36_1	1
14817292.0	10860240.0	73.29	3957052.0	26.71	20762.0	0.14	BA2_CA1_cor_37_1	1
26876518.0	23714862.0	88.24	3161656.0	11.76	18968.0	0.07	BA3_CA1_olf_33_1	1
23633195.0	20664738.0	87.44	2968457.0	12.56	20596.0	0.09	BA3_CA1_olf_34_1	1
24433887.0	21290676.0	87.14	3143211.0	12.86	16856.0	0.07	BA3_CA1_olf_35_1	1
23115597.0	17587979.0	76.09	5527618.0	23.91	16725.0	0.07	BA3_CA1_olf_36_1	1
37527392.0	32067206.0	85.45	5460186.0	14.55	25811.0	0.07	BA3_CA1_olf_37_1	1
43853538.0	37909939.0	86.45	5943599.0	13.55	27035.0	0.06	BA3_CA1_olf_38_1	1
30951753.0	27029848.0	87.33	3921905.0	12.67	26880.0	0.09	BA3_CA1_olf_39_1	1
28968916.0	24439403.0	84.36	4529513.0	15.64	20919.0	0.07	BA3_CA1_olf_40_1	1
31077823.0	27111433.0	87.24	3966390.0	12.76	22979.0	0.07	BA3_CA1_olf_41_1	1
18699414.0	16392632.0	87.66	2306782.0	12.34	14431.0	0.08	BA3_CA1_olf_42_1	1
10624184.0	9291466.0	87.46	1332718.0	12.54	10279.0	0.1	BA3_CA1_olf_43_1	1
31184280.0	27460228.0	88.06	3724052.0	11.94	23267.0	0.07	BA3_CA1_olf_44_1	1
34480095.0	29750312.0	86.28	4729783.0	13.72	23802.0	0.07	BA3_CA1_olf_45_1	1
22278798.0	19542173.0	87.72	2736625.0	12.28	19503.0	0.09	BA3_CA1_olf_46_1	1
38676786.0	33635669.0	86.97	5041117.0	13.03	23748.0	0.06	BA3_CA1_olf_47_1	1
29899774.0	26657105.0	89.15	3242669.0	10.85	20404.0	0.07	BA3_CA1_olf_48_1	1
26942543.0	23534332.0	87.35	3408211.0	12.65	23672.0	0.09	BA4_CA1_olf_49_1	1
18727824.0	16071625.0	85.82	2656199.0	14.18	16330.0	0.09	BA4_CA1_olf_50_1	1
26395692.0	23417441.0	88.72	2978251.0	11.28	15545.0	0.06	BA4_CA1_olf_51_1	1
28135504.0	23871950.0	84.85	4263554.0	15.15	18431.0	0.07	BA4_CA1_olf_52_1	1
32197768.0	27813848.0	86.38	4383920.0	13.62	22370.0	0.07	BA4_CA1_olf_53_1	1
30544436.0	26367923.0	86.33	4176513.0	13.67	21013.0	0.07	BA4_CA1_olf_54_1	1
27175029.0	23905500.0	87.97	3269529.0	12.03	16946.0	0.06	BA4_CA1_olf_55_1	1
25908345.0	21216048.0	81.89	4692297.0	18.11	18887.0	0.07	BA4_CA1_olf_56_1	1
33819380.0	29956354.0	88.58	3863026.0	11.42	24536.0	0.07	BA4_CA1_olf_57_1	1
27178452.0	22435882.0	82.55	4742570.0	17.45	23429.0	0.09	BA4_CA1_olf_58_1	1
27537910.0	24016137.0	87.21	3521773.0	12.79	27687.0	0.1	BA4_CA1_olf_59_1	1
23031832.0	16096028.0	69.89	6935804.0	30.11	36263.0	0.16	BA4_CA1_cor_1_1	1
25362549.0	19081023.0	75.23	6281526.0	24.77	41377.0	0.16	BA4_CA1_cor_2_1	1
14073759.0	10866508.0	77.21	3207251.0	22.79	18953.0	0.13	BA4_CA1_cor_3_1	1
23026180.0	18374242.0	79.8	4651938.0	20.2	28859.0	0.13	BA4_CA1_cor_4_1	1
14902370.0	10497324.0	70.44	4405046.0	29.56	18571.0	0.12	BA4_CA1_cor_5_1	1
41597044.0	36820899.0	88.52	4776145.0	11.48	41573.0	0.1	BA5_CA1_olf_9_1	1
21711228.0	17637229.0	81.24	4073999.0	18.76	22539.0	0.1	BA5_CA1_olf_10_1	1
35183006.0	31115136.0	88.44	4067870.0	11.56	21123.0	0.06	BA5_CA1_olf_11_1	1
6931.0	5890.0	84.98	1041.0	15.02	5.0	0.07	BA5_CA1_olf_12_1	1
48763465.0	42886765.0	87.95	5876700.0	12.05	32418.0	0.07	BA5_CA1_olf_13_1	1
39311173.0	34041843.0	86.6	5269330.0	13.4	26956.0	0.07	BA5_CA1_olf_14_1	1
36630152.0	32488131.0	88.69	4142021.0	11.31	24781.0	0.07	BA5_CA1_olf_15_1	1
27209875.0	22739719.0	83.57	4470156.0	16.43	20101.0	0.07	BA5_CA1_olf_16_1	1
29909518.0	23976334.0	80.16	5933184.0	19.84	51495.0	0.17	BA5_CA1_cor_6_1	1
19550762.0	13898720.0	71.09	5652042.0	28.91	26482.0	0.14	BA5_CA1_cor_7_1	1
28230092.0	22467540.0	79.59	5762552.0	20.41	57089.0	0.2	BA5_CA1_cor_8_1	1
31110966.0	21560841.0	69.3	9550125.0	30.7	45703.0	0.15	BA5_CA1_cor_9_1	1
28541349.0	20294915.0	71.11	8246434.0	28.89	40847.0	0.14	BA5_CA1_cor_10_1	1
14942016.0	11246712.0	75.27	3695304.0	24.73	18525.0	0.12	BA5_CA1_cor_11_1	1
28526660.0	23169649.0	81.22	5357011.0	18.78	41303.0	0.14	BA5_CA1_cor_12_1	1
16116716.0	12065872.0	74.87	4050844.0	25.13	23041.0	0.14	BA5_CA1_cor_13_1	1
34196831.0	29426890.0	86.05	4769941.0	13.95	25297.0	0.07	BA6_CA1_olf_25_1	1
28578557.0	24485706.0	85.68	4092851.0	14.32	22250.0	0.08	BA6_CA1_olf_26_1	1
5923943.0	4961979.0	83.76	961964.0	16.24	5958.0	0.1	BA6_CA1_olf_27_1	1
33692909.0	27793318.0	82.49	5899591.0	17.51	18488.0	0.05	BA6_CA1_olf_28_1	1
36836028.0	31362115.0	85.14	5473913.0	14.86	22062.0	0.06	BA6_CA1_olf_29_1	1
31284065.0	26834925.0	85.78	4449140.0	14.22	17275.0	0.06	BA6_CA1_olf_30_1	1
32334767.0	27723751.0	85.74	4611016.0	14.26	19695.0	0.06	BA6_CA1_olf_31_1	1
34429224.0	29579252.0	85.91	4849972.0	14.09	22569.0	0.07	BA6_CA1_olf_32_1	1
31430025.0	23717887.0	75.46	7712138.0	24.54	47310.0	0.15	BA6_CA1_cor_14_1	1
25036698.0	19256398.0	76.91	5780300.0	23.09	38047.0	0.15	BA6_CA1_cor_15_1	1
24927644.0	18884000.0	75.76	6043644.0	24.24	45293.0	0.18	BA6_CA1_cor_16_1	1
35679871.0	26751219.0	74.98	8928652.0	25.02	48678.0	0.14	BA6_CA1_cor_17_1	1
30866038.0	23483049.0	76.08	7382989.0	23.92	33381.0	0.11	BA6_CA1_cor_18_1	1
20425943.0	16447898.0	80.52	3978045.0	19.48	36073.0	0.18	BA6_CA1_cor_19_1	1
23784094.0	17253273.0	72.54	6530821.0	27.46	26493.0	0.11	BA6_CA1_cor_20_1	1
23241379.0	18998847.0	81.75	4242532.0	18.25	30714.0	0.13	BA6_CA1_cor_21_1	1
34311156.0	28101340.0	81.9	6209816.0	18.1	60740.0	0.18	BA7_CA1_cor_38_1	1
26185123.0	19503182.0	74.48	6681941.0	25.52	54343.0	0.21	BA7_CA1_cor_39_1	1
23461790.0	18088635.0	77.1	5373155.0	22.9	33634.0	0.14	BA7_CA1_cor_40_1	1
25570655.0	18310545.0	71.61	7260110.0	28.39	26335.0	0.1	BA7_CA1_cor_41_1	1
28991538.0	21116958.0	72.84	7874580.0	27.16	44532.0	0.15	BA7_CA1_cor_42_1	1
23751218.0	15874304.0	66.84	7876914.0	33.16	30448.0	0.13	BA7_CA1_cor_43_1	1
28550450.0	22078908.0	77.33	6471542.0	22.67	42001.0	0.15	BA7_CA1_cor_44_1	1
30863727.0	22326848.0	72.34	8536879.0	27.66	49983.0	0.16	BA7_CA1_cor_45_1	1
38440968.0	28701587.0	74.66	9739381.0	25.34	69664.0	0.18	BA7_CA1_cor_46_1	1
28669021.0	19371610.0	67.57	9297411.0	32.43	60927.0	0.21	BA7_CA1_cor_47_1	1
25405777.0	18466214.0	72.69	6939563.0	27.31	72837.0	0.29	BA7_CA1_cor_48_1	1
30560052.0	21102465.0	69.05	9457587.0	30.95	49292.0	0.16	BA7_CA1_cor_49_1	1
30167789.0	20995311.0	69.6	9172478.0	30.4	40325.0	0.13	BA7_CA1_cor_50_1	1
12795368.0	9380835.0	73.31	3414533.0	26.69	16762.0	0.13	BA7_CA1_cor_51_1	1
28543616.0	22814906.0	79.93	5728710.0	20.07	36848.0	0.13	BA7_CA1_cor_52_1	1
20444740.0	13312658.0	65.12	7132082.0	34.88	23811.0	0.12	BA7_CA1_cor_53_1	1
35504122.0	28200458.0	79.43	7303664.0	20.57	54379.0	0.15	BA8_CA1_cor_54_1	1
25909547.0	19171917.0	74.0	6737630.0	26.0	44077.0	0.17	BA8_CA1_cor_55_1	1
24635494.0	17249441.0	70.02	7386053.0	29.98	35329.0	0.14	BA8_CA1_cor_56_1	1
32702912.0	20990828.0	64.19	11712084.0	35.81	40176.0	0.12	BA8_CA1_cor_57_1	1
28903926.0	20821366.0	72.04	8082560.0	27.96	34103.0	0.12	BA8_CA1_cor_58_1	1
26364315.0	19233600.0	72.95	7130715.0	27.05	35397.0	0.13	BA8_CA1_cor_59_1	1
27620816.0	22357819.0	80.95	5262997.0	19.05	31479.0	0.11	BA8_CA1_cp_1_1	1
14561236.0	9776776.0	67.14	4784460.0	32.86	19213.0	0.13	BA8_CA1_cp_2_1	1
32288088.0	26211270.0	81.18	6076818.0	18.82	46854.0	0.15	BA8_CA1_cp_3_1	1
22490805.0	16490611.0	73.32	6000194.0	26.68	32126.0	0.14	BA8_CA1_cp_4_1	1
21974963.0	16634637.0	75.7	5340326.0	24.3	35951.0	0.16	BA8_CA1_cp_5_1	1
27465823.0	20907478.0	76.12	6558345.0	23.88	35515.0	0.13	BA8_CA1_cp_6_1	1
30169694.0	23247298.0	77.06	6922396.0	22.94	38396.0	0.13	BA8_CA1_cp_7_1	1
18083976.0	13402372.0	74.11	4681604.0	25.89	17954.0	0.1	BA8_CA1_cp_8_1	1
34479314.0	28454227.0	82.53	6025087.0	17.47	41109.0	0.12	BA8_CA1_cp_9_1	1
22021285.0	15300700.0	69.48	6720585.0	30.52	28179.0	0.13	BA8_CA1_cp_10_1	1
21179411.0	15233910.0	71.93	5945501.0	28.07	28300.0	0.13	BA9_CA1_cp_11_1	1
20202681.0	14163423.0	70.11	6039258.0	29.89	26962.0	0.13	BA9_CA1_cp_12_1	1
19917899.0	14625600.0	73.43	5292299.0	26.57	22865.0	0.11	BA9_CA1_cp_13_1	1
32923316.0	19371721.0	58.84	13551595.0	41.16	35779.0	0.11	BA9_CA1_cp_14_1	1
30757183.0	20075106.0	65.27	10682077.0	34.73	27561.0	0.09	BA9_CA1_cp_15_1	1
32262532.0	21020331.0	65.15	11242201.0	34.85	24902.0	0.08	BA9_CA1_cp_16_1	1
26468103.0	17222143.0	65.07	9245960.0	34.93	20416.0	0.08	BA9_CA1_cp_17_1	1
20540535.0	13737285.0	66.88	6803250.0	33.12	22215.0	0.11	BA9_CA1_cp_18_1	1
43202829.0	30370533.0	70.3	12832296.0	29.7	51278.0	0.12	BA9_CA1_cp_19_1	1
31831327.0	23180031.0	72.82	8651296.0	27.18	45630.0	0.14	BA9_CA1_cp_20_1	1
35169186.0	25606771.0	72.81	9562415.0	27.19	49059.0	0.14	BA9_CA1_cp_21_1	1
28951219.0	20520559.0	70.88	8430660.0	29.12	37947.0	0.13	BA9_CA1_cp_22_1	1
49552156.0	37222925.0	75.12	12329231.0	24.88	84200.0	0.17	BA9_CA1_cp_23_1	1
23955837.0	17933763.0	74.86	6022074.0	25.14	29987.0	0.13	BA9_CA1_cp_24_1	1
1248068.0	392534.0	31.45	855534.0	68.55	1665.0	0.13	BA9_CA1_hy_7_1	1
26762875.0	19053669.0	71.19	7709206.0	28.81	27838.0	0.1	BA9_CA1_cp_26_1	1
26094237.0	19314829.0	74.02	6779408.0	25.98	38079.0	0.15	BA10_CA1_cp_27_1	1
28953975.0	21940409.0	75.78	7013566.0	24.22	30543.0	0.11	BA10_CA1_cp_28_1	1
27331202.0	19800107.0	72.45	7531095.0	27.55	35668.0	0.13	BA10_CA1_cp_29_1	1
31671702.0	23048800.0	72.77	8622902.0	27.23	37874.0	0.12	BA10_CA1_cp_30_1	1
24194716.0	17559197.0	72.57	6635519.0	27.43	23809.0	0.1	BA10_CA1_cp_31_1	1
27503466.0	20811982.0	75.67	6691484.0	24.33	31345.0	0.11	BA10_CA1_cp_32_1	1
25132694.0	16320350.0	64.94	8812344.0	35.06	26987.0	0.11	BA10_CA1_cp_33_1	1
34884003.0	26250311.0	75.25	8633692.0	24.75	43100.0	0.12	BA10_CA1_cp_35_1	1
32074771.0	23762376.0	74.08	8312395.0	25.92	37877.0	0.12	BA10_CA1_cp_36_1	1
35083886.0	26348054.0	75.1	8735832.0	24.9	58590.0	0.17	BA10_CA1_cp_37_1	1
33215335.0	22035535.0	66.34	11179800.0	33.66	42642.0	0.13	BA10_CA1_cp_38_1	1
29713036.0	21007073.0	70.7	8705963.0	29.3	31777.0	0.11	BA10_CA1_cp_39_1	1
14150621.0	10631685.0	75.13	3518936.0	24.87	11523.0	0.08	BA10_CA1_cp_40_1	1
31284864.0	23735697.0	75.87	7549167.0	24.13	38311.0	0.12	BA10_CA1_cp_41_1	1
21671197.0	14104338.0	65.08	7566859.0	34.92	21111.0	0.1	BA10_CA1_cp_42_1	1
18615170.0	13438199.0	72.19	5176971.0	27.81	97549.0	0.52	BA11_CA1_cp_43_1	1
18524126.0	10814831.0	58.38	7709295.0	41.62	91117.0	0.49	BA11_CA1_cp_44_1	1
17826122.0	11412905.0	64.02	6413217.0	35.98	73307.0	0.41	BA11_CA1_cp_45_1	1
28162581.0	16237471.0	57.66	11925110.0	42.34	87776.0	0.31	BA11_CA1_cp_46_1	1
31021820.0	21470313.0	69.21	9551507.0	30.79	92575.0	0.3	BA11_CA1_cp_47_1	1
32730089.0	20163165.0	61.6	12566924.0	38.4	86974.0	0.27	BA11_CA1_cp_48_1	1
34324012.0	23920855.0	69.69	10403157.0	30.31	127206.0	0.37	BA11_CA1_cp_49_1	1
15065938.0	8943630.0	59.36	6122308.0	40.64	49435.0	0.33	BA11_CA1_cp_50_1	1
51016070.0	36100239.0	70.76	14915831.0	29.24	138675.0	0.27	BA11_CA1_cp_51_1	1
31315779.0	21783958.0	69.56	9531821.0	30.44	102891.0	0.33	BA11_CA1_cp_52_1	1
7813589.0	4161153.0	53.26	3652436.0	46.74	53138.0	0.68	BA11_CA1_cp_53_1	1
37685359.0	21443164.0	56.9	16242195.0	43.1	91334.0	0.24	BA11_CA1_cp_54_1	1
35923677.0	20959517.0	58.34	14964160.0	41.66	86231.0	0.24	BA11_CA1_cp_55_1	1
10017140.0	6951065.0	69.39	3066075.0	30.61	16875.0	0.17	BA11_CA1_cp_56_1	1
18138920.0	12059107.0	66.48	6079813.0	33.52	93801.0	0.52	BA11_CA1_cp_57_1	1
13091332.0	8753366.0	66.86	4337966.0	33.14	44548.0	0.34	BA11_CA1_cp_58_1	1
189543351.0	127105255.0	67.06	62438096.0	32.94	255871.0	0.13	BA12_CA1_cp_59_1	1
11429198.0	7336275.0	64.19	4092923.0	35.81	14621.0	0.13	BA12_CA1_svz_1_1	1
12884731.0	8106458.0	62.92	4778273.0	37.08	12856.0	0.1	BA12_CA1_svz_2_1	1
11514217.0	6269558.0	54.45	5244659.0	45.55	15762.0	0.14	BA12_CA1_svz_3_1	1
14992136.0	9101844.0	60.71	5890292.0	39.29	14941.0	0.1	BA12_CA1_svz_4_1	1
16337774.0	10012511.0	61.28	6325263.0	38.72	13894.0	0.09	BA12_CA1_svz_5_1	1
13135592.0	7474003.0	56.9	5661589.0	43.1	12748.0	0.1	BA12_CA1_svz_6_1	1
13198979.0	8047092.0	60.97	5151887.0	39.03	12061.0	0.09	BA12_CA1_svz_7_1	1
229923.0	134055.0	58.3	95868.0	41.7	185.0	0.08	BA12_CA1_svz_8_1	1
18249077.0	10851090.0	59.46	7397987.0	40.54	16852.0	0.09	BA12_CA1_svz_9_1	1
22430098.0	16393104.0	73.09	6036994.0	26.91	30488.0	0.14	BA12_CA1_svz_10_1	1
21425793.0	14850958.0	69.31	6574835.0	30.69	24730.0	0.12	BA12_CA1_svz_11_1	1
19770742.0	14781227.0	74.76	4989515.0	25.24	25219.0	0.13	BA12_CA1_svz_12_1	1
14956323.0	11451374.0	76.57	3504949.0	23.43	18322.0	0.12	BA12_CA1_svz_13_1	1
21560118.0	13935820.0	64.64	7624298.0	35.36	20528.0	0.1	BA12_CA1_svz_14_1	1
13565745.0	9906280.0	73.02	3659465.0	26.98	12981.0	0.1	BA12_CA1_svz_15_1	1
33168632.0	26396393.0	79.58	6772239.0	20.42	41157.0	0.12	BA13_CA1_svz_16_1	1
22606717.0	17731578.0	78.43	4875139.0	21.57	37947.0	0.17	BA13_CA1_svz_17_1	1
36753077.0	27822247.0	75.7	8930830.0	24.3	32274.0	0.09	BA13_CA1_svz_18_1	1
26533226.0	19788313.0	74.58	6744913.0	25.42	34671.0	0.13	BA13_CA1_svz_19_1	1
30316632.0	22630699.0	74.65	7685933.0	25.35	41780.0	0.14	BA13_CA1_svz_20_1	1
28424232.0	21846737.0	76.86	6577495.0	23.14	31159.0	0.11	BA13_CA1_svz_21_1	1
41469110.0	28869119.0	69.62	12599991.0	30.38	87232.0	0.21	BA13_CA1_svz_22_1	1
32888360.0	23274559.0	70.77	9613801.0	29.23	65280.0	0.2	BA13_CA1_svz_23_1	1
29211147.0	20883091.0	71.49	8328056.0	28.51	65584.0	0.22	BA13_CA1_svz_24_1	1
25519802.0	17296355.0	67.78	8223447.0	32.22	55204.0	0.22	BA13_CA1_svz_25_1	1
26218341.0	17274422.0	65.89	8943919.0	34.11	53835.0	0.21	BA13_CA1_svz_26_1	1
26328754.0	16928710.0	64.3	9400044.0	35.7	43363.0	0.16	BA13_CA1_svz_27_1	1
27704823.0	18776130.0	67.77	8928693.0	32.23	39615.0	0.14	BA13_CA1_svz_28_1	1
14155324.0	9779284.0	69.09	4376040.0	30.91	13452.0	0.1	BA13_CA1_svz_29_1	1
26293146.0	17500266.0	66.56	8792880.0	33.44	37697.0	0.14	BA13_CA1_svz_30_1	1
21993055.0	16297071.0	74.1	5695984.0	25.9	37107.0	0.17	BA13_CA1_svz_31_1	1
39747319.0	29740760.0	74.82	10006559.0	25.18	84337.0	0.21	BA14_CA1_svz_32_1	1
23377331.0	16953508.0	72.52	6423823.0	27.48	46711.0	0.2	BA14_CA1_svz_33_1	1
28195867.0	19535999.0	69.29	8659868.0	30.71	47826.0	0.17	BA14_CA1_svz_34_1	1
30928620.0	21123273.0	68.3	9805347.0	31.7	52237.0	0.17	BA14_CA1_svz_35_1	1
33716829.0	25735247.0	76.33	7981582.0	23.67	55535.0	0.16	BA14_CA1_svz_36_1	1
17381847.0	12223621.0	70.32	5158226.0	29.68	30254.0	0.17	BA14_CA1_svz_37_1	1
25410849.0	18219959.0	71.7	7190890.0	28.3	31632.0	0.12	BA14_CA1_svz_38_1	1
24692239.0	18777195.0	76.04	5915044.0	23.96	49709.0	0.2	BA14_CA1_svz_39_1	1
31267480.0	23281411.0	74.46	7986069.0	25.54	49246.0	0.16	BA14_CA1_svz_40_1	1
27340646.0	20027757.0	73.25	7312889.0	26.75	43899.0	0.16	BA14_CA1_svz_41_1	1
28205851.0	19621263.0	69.56	8584588.0	30.44	60142.0	0.21	BA14_CA1_svz_42_1	1
24407303.0	16516499.0	67.67	7890804.0	32.33	39605.0	0.16	BA14_CA1_svz_43_1	1
19484529.0	14393682.0	73.87	5090847.0	26.13	41255.0	0.21	BA14_CA1_svz_44_1	1
12151249.0	9059335.0	74.55	3091914.0	25.45	13101.0	0.11	BA14_CA1_svz_45_1	1
29850655.0	21081321.0	70.62	8769334.0	29.38	33197.0	0.11	BA14_CA1_svz_46_1	1
31170862.0	24095548.0	77.3	7075314.0	22.7	46296.0	0.15	BA14_CA1_svz_47_1	1
20095682.0	13527010.0	67.31	6568672.0	32.69	42627.0	0.21	BA15_CA1_svz_48_1	1
23855369.0	16838564.0	70.59	7016805.0	29.41	31887.0	0.13	BA15_CA1_svz_49_1	1
23478843.0	15305692.0	65.19	8173151.0	34.81	23734.0	0.1	BA15_CA1_svz_50_1	1
32076175.0	19644957.0	61.24	12431218.0	38.76	42767.0	0.13	BA15_CA1_svz_51_1	1
36014130.0	23933057.0	66.45	12081073.0	33.55	41901.0	0.12	BA15_CA1_svz_52_1	1
30333036.0	21118315.0	69.62	9214721.0	30.38	33125.0	0.11	BA15_CA1_svz_53_1	1
32902017.0	19334729.0	58.76	13567288.0	41.24	28824.0	0.09	BA15_CA1_svz_54_1	1
26273649.0	17776224.0	67.66	8497425.0	32.34	34923.0	0.13	BA15_CA1_svz_55_1	1
32193501.0	23601325.0	73.31	8592176.0	26.69	38328.0	0.12	BA15_CA1_svz_56_1	1
25876718.0	19380113.0	74.89	6496605.0	25.11	43690.0	0.17	BA15_CA1_svz_57_1	1
35171047.0	25880155.0	73.58	9290892.0	26.42	67681.0	0.19	BA15_CA1_svz_58_1	1
39883751.0	26781801.0	67.15	13101950.0	32.85	63465.0	0.16	BA15_CA1_svz_59_1	1
31883284.0	22654841.0	71.06	9228443.0	28.94	30202.0	0.09	BA15_CA1_cc_3_1	1
26538357.0	19143379.0	72.13	7394978.0	27.87	34414.0	0.13	BA15_CA1_cc_4_1	1
34887923.0	27489766.0	78.79	7398157.0	21.21	57863.0	0.17	BA16_CA1_cc_5_1	1
25205926.0	19910692.0	78.99	5295234.0	21.01	47913.0	0.19	BA16_CA1_cc_6_1	1
26708245.0	21203490.0	79.39	5504755.0	20.61	37703.0	0.14	BA16_CA1_cc_7_1	1
24549127.0	18192090.0	74.1	6357037.0	25.9	40370.0	0.16	BA16_CA1_cc_8_1	1
29711939.0	23683942.0	79.71	6027997.0	20.29	57145.0	0.19	BA16_CA1_cc_9_1	1
27992660.0	21116430.0	75.44	6876230.0	24.56	44029.0	0.16	BA16_CA1_cc_10_1	1
28562744.0	20257987.0	70.92	8304757.0	29.08	39267.0	0.14	BA16_CA1_cc_11_1	1
38019838.0	29308973.0	77.09	8710865.0	22.91	61459.0	0.16	BA16_CA1_cc_12_1	1
29188351.0	22831138.0	78.22	6357213.0	21.78	43266.0	0.15	BA16_CA1_cc_13_1	1
25323381.0	18330850.0	72.39	6992531.0	27.61	41480.0	0.16	BA16_CA1_cc_14_1	1
30622003.0	22852555.0	74.63	7769448.0	25.37	53859.0	0.18	BA16_CA1_cc_15_1	1
29185481.0	21702825.0	74.36	7482656.0	25.64	44527.0	0.15	BA16_CA1_cc_16_1	1
28556441.0	21989532.0	77.0	6566909.0	23.0	36654.0	0.13	BA16_CA1_cc_17_1	1
13362207.0	10070210.0	75.36	3291997.0	24.64	11976.0	0.09	BA16_CA1_cc_18_1	1
33219360.0	24235943.0	72.96	8983417.0	27.04	45164.0	0.14	BA16_CA1_cc_19_1	1
31016231.0	23611267.0	76.13	7404964.0	23.87	47557.0	0.15	BA16_CA1_cc_20_1	1
24691754.0	19072125.0	77.24	5619629.0	22.76	32031.0	0.13	BA17_CA1_cc_21_1	1
24084968.0	18854239.0	78.28	5230729.0	21.72	45197.0	0.19	BA17_CA1_cc_22_1	1
24990918.0	18898970.0	75.62	6091948.0	24.38	31816.0	0.13	BA17_CA1_cc_23_1	1
18762707.0	14022974.0	74.74	4739733.0	25.26	27074.0	0.14	BA17_CA1_cc_24_1	1
35434518.0	27189760.0	76.73	8244758.0	23.27	48762.0	0.14	BA17_CA1_cc_25_1	1
29818296.0	22820969.0	76.53	6997327.0	23.47	36022.0	0.12	BA17_CA1_cc_26_1	1
33817250.0	23595503.0	69.77	10221747.0	30.23	32614.0	0.1	BA17_CA1_cc_27_1	1
38342757.0	28935444.0	75.47	9407313.0	24.53	59328.0	0.15	BA17_CA1_cc_28_1	1
22685043.0	17290583.0	76.22	5394460.0	23.78	28738.0	0.13	BA17_CA1_cc_29_1	1
22546925.0	16235977.0	72.01	6310948.0	27.99	28193.0	0.13	BA17_CA1_cc_30_1	1
23394460.0	17432285.0	74.51	5962175.0	25.49	33821.0	0.14	BA17_CA1_cc_31_1	1
23843727.0	16539357.0	69.37	7304370.0	30.63	27862.0	0.12	BA17_CA1_cc_32_1	1
23916370.0	17443068.0	72.93	6473302.0	27.07	25765.0	0.11	BA17_CA1_cc_33_1	1
13382842.0	10052944.0	75.12	3329898.0	24.88	10416.0	0.08	BA17_CA1_cc_34_1	1
25806770.0	18199008.0	70.52	7607762.0	29.48	59927.0	0.23	BA17_CA1_cc_35_1	1
25028465.0	18716377.0	74.78	6312088.0	25.22	28264.0	0.11	BA17_CA1_cc_36_1	1
18569392.0	13497819.0	72.69	5071573.0	27.31	19802.0	0.11	BA18_CA1_cc_37_1	1
19589009.0	14027627.0	71.61	5561382.0	28.39	20957.0	0.11	BA18_CA1_cc_38_1	1
20338034.0	13840467.0	68.05	6497567.0	31.95	16718.0	0.08	BA18_CA1_cc_39_1	1
29118491.0	18487199.0	63.49	10631292.0	36.51	28303.0	0.1	BA18_CA1_cc_40_1	1
33460215.0	22691682.0	67.82	10768533.0	32.18	28345.0	0.08	BA18_CA1_cc_41_1	1
31729076.0	22084451.0	69.6	9644625.0	30.4	24067.0	0.08	BA18_CA1_cc_42_1	1
25597026.0	15496712.0	60.54	10100314.0	39.46	19315.0	0.08	BA18_CA1_cc_43_1	1
35199907.0	22820988.0	64.83	12378919.0	35.17	31874.0	0.09	BA18_CA1_cc_44_1	1
33450923.0	25738359.0	76.94	7712564.0	23.06	37620.0	0.11	BA18_CA1_cc_45_1	1
23403065.0	17847556.0	76.26	5555509.0	23.74	26061.0	0.11	BA18_CA1_cc_46_1	1
26745325.0	21087801.0	78.85	5657524.0	21.15	29872.0	0.11	BA18_CA1_cc_47_1	1
24937441.0	19010426.0	76.23	5927015.0	23.77	30897.0	0.12	BA18_CA1_cc_48_1	1
30721026.0	22725973.0	73.98	7995053.0	26.02	28348.0	0.09	BA18_CA1_cc_49_1	1
14610475.0	11211949.0	76.74	3398526.0	23.26	14390.0	0.1	BA18_CA1_cc_50_1	1
25976708.0	20263420.0	78.01	5713288.0	21.99	25716.0	0.1	BA18_CA1_cc_51_1	1
21498049.0	16963964.0	78.91	4534085.0	21.09	24624.0	0.11	BA18_CA1_cc_52_1	1
35547433.0	30282002.0	85.19	5265431.0	14.81	48488.0	0.14	BA19_CA1_cc_53_1	1
20132689.0	16238691.0	80.66	3893998.0	19.34	35968.0	0.18	BA19_CA1_cc_54_1	1
29317965.0	24376243.0	83.14	4941722.0	16.86	38607.0	0.13	BA19_CA1_cc_55_1	1
22785258.0	18612223.0	81.69	4173035.0	18.31	36759.0	0.16	BA19_CA1_cc_56_1	1
31842552.0	26270549.0	82.5	5572003.0	17.5	45048.0	0.14	BA19_CA1_cc_57_1	1
25256743.0	20464832.0	81.03	4791911.0	18.97	43378.0	0.17	BA19_CA1_cc_58_1	1
17968992.0	13472616.0	74.98	4496376.0	25.02	31951.0	0.18	BA19_CA1_cc_59_1	1
29732816.0	21817555.0	73.38	7915261.0	26.62	52006.0	0.17	BA19_CA1_th_1_1	1
21502923.0	16363202.0	76.1	5139721.0	23.9	43388.0	0.2	BA19_CA1_hi_2_1	1
19620064.0	14379203.0	73.29	5240861.0	26.71	48162.0	0.25	BA19_CA1_th_3_1	1
17060047.0	12307348.0	72.14	4752699.0	27.86	41123.0	0.24	BA19_CA1_th_4_1	1
16490181.0	11816413.0	71.66	4673768.0	28.34	34335.0	0.21	BA19_CA1_th_5_1	1
28613114.0	21193953.0	74.07	7419161.0	25.93	55989.0	0.2	BA19_CA1_th_6_1	1
13444886.0	10155091.0	75.53	3289795.0	24.47	21137.0	0.16	BA19_CA1_th_7_1	1
26926361.0	19597489.0	72.78	7328872.0	27.22	60160.0	0.22	BA19_CA1_th_8_1	1
19098843.0	14935384.0	78.2	4163459.0	21.8	54267.0	0.28	BA19_CA1_th_9_1	1
28640476.0	20150678.0	70.36	8489798.0	29.64	34632.0	0.12	BA20_CA1_th_10_1	1
21440115.0	14436211.0	67.33	7003904.0	32.67	28307.0	0.13	BA20_CA1_th_11_1	1
22582144.0	15840709.0	70.15	6741435.0	29.85	22288.0	0.1	BA20_CA1_th_12_1	1
19688467.0	13270835.0	67.4	6417632.0	32.6	19004.0	0.1	BA20_CA1_th_13_1	1
31898749.0	22930955.0	71.89	8967794.0	28.11	31422.0	0.1	BA20_CA1_th_14_1	1
27533489.0	20213530.0	73.41	7319959.0	26.59	30887.0	0.11	BA20_CA1_th_15_1	1
22881515.0	16365777.0	71.52	6515738.0	28.48	20421.0	0.09	BA20_CA1_th_16_1	1
24708014.0	17483063.0	70.76	7224951.0	29.24	31188.0	0.13	BA20_CA1_th_17_1	1
23499610.0	16392056.0	69.75	7107554.0	30.25	30820.0	0.13	BA20_CA1_th_58_1	1
19490719.0	13174563.0	67.59	6316156.0	32.41	22806.0	0.12	BA20_CA1_th_59_1	1
26450008.0	19438753.0	73.49	7011255.0	26.51	49738.0	0.19	BA20_CA1_hy_1_1	1
25520417.0	17453603.0	68.39	8066814.0	31.61	34687.0	0.14	BA20_CA1_th_2_1	1
27349626.0	20077241.0	73.41	7272385.0	26.59	36724.0	0.13	BA20_CA1_hy_3_1	1
16424855.0	12536421.0	76.33	3888434.0	23.67	23375.0	0.14	BA20_CA1_hy_4_1	1
25765198.0	17879526.0	69.39	7885672.0	30.61	62667.0	0.24	BA20_CA1_hy_5_1	1
22059769.0	15876579.0	71.97	6183190.0	28.03	33049.0	0.15	BA20_CA1_hy_6_1	1
22075195.0	15506488.0	70.24	6568707.0	29.76	30722.0	0.14	BA21_CA1_th_18_1	1
20861282.0	14935455.0	71.59	5925827.0	28.41	33974.0	0.16	BA21_CA1_th_19_1	1
20680760.0	13570855.0	65.62	7109905.0	34.38	20137.0	0.1	BA21_CA1_th_20_1	1
23659647.0	14933659.0	63.12	8725988.0	36.88	26482.0	0.11	BA21_CA1_th_21_1	1
23358375.0	15595634.0	66.77	7762741.0	33.23	28111.0	0.12	BA21_CA1_th_22_1	1
26733058.0	17702404.0	66.22	9030654.0	33.78	24327.0	0.09	BA21_CA1_th_23_1	1
25399018.0	16700730.0	65.75	8698288.0	34.25	40518.0	0.16	BA21_CA1_th_24_1	1
18014085.0	12548081.0	69.66	5466004.0	30.34	26037.0	0.14	BA21_CA1_th_25_1	1
22163909.0	16045111.0	72.39	6118798.0	27.61	29557.0	0.13	BA21_CA1_th_26_1	1
29245206.0	20010531.0	68.42	9234675.0	31.58	34845.0	0.12	BA21_CA1_th_27_1	1
29188607.0	20518770.0	70.3	8669837.0	29.7	47321.0	0.16	BA21_CA1_th_28_1	1
25053199.0	17155838.0	68.48	7897361.0	31.52	30161.0	0.12	BA21_CA1_th_29_1	1
26173233.0	17414034.0	66.53	8759199.0	33.47	27851.0	0.11	BA21_CA1_th_30_1	1
24500351.0	17865864.0	72.92	6634487.0	27.08	36803.0	0.15	BA21_CA1_th_31_1	1
34466349.0	23243174.0	67.44	11223175.0	32.56	47300.0	0.14	BA21_CA1_th_32_1	1
25314379.0	17452075.0	68.94	7862304.0	31.06	31177.0	0.12	BA21_CA1_th_33_1	1
16743512.0	12734351.0	76.06	4009161.0	23.94	28781.0	0.17	BA22_CA1_th_34_1	1
23797321.0	18375467.0	77.22	5421854.0	22.78	49636.0	0.21	BA22_CA1_th_35_1	1
18945818.0	14600407.0	77.06	4345411.0	22.94	26455.0	0.14	BA22_CA1_th_36_1	1
22983733.0	17229602.0	74.96	5754131.0	25.04	42267.0	0.18	BA22_CA1_th_37_1	1
20078651.0	15380413.0	76.6	4698238.0	23.4	34111.0	0.17	BA22_CA1_th_38_1	1
19730916.0	15237422.0	77.23	4493494.0	22.77	33706.0	0.17	BA22_CA1_th_39_1	1
27079624.0	21080152.0	77.85	5999472.0	22.15	42439.0	0.16	BA22_CA1_th_40_1	1
38438891.0	28949074.0	75.31	9489817.0	24.69	64292.0	0.17	BA22_CA1_th_41_1	1
26235871.0	20242780.0	77.16	5993091.0	22.84	49397.0	0.19	BA22_CA1_th_42_1	1
27055908.0	20080006.0	74.22	6975902.0	25.78	44152.0	0.16	BA22_CA1_th_43_1	1
29028335.0	21793148.0	75.08	7235187.0	24.92	57705.0	0.2	BA22_CA1_th_44_1	1
33636864.0	25256303.0	75.09	8380561.0	24.91	57405.0	0.17	BA22_CA1_th_45_1	1
28818605.0	22063051.0	76.56	6755554.0	23.44	56368.0	0.2	BA22_CA1_th_46_1	1
10842229.0	8266519.0	76.24	2575710.0	23.76	17008.0	0.16	BA22_CA1_th_47_1	1
31028164.0	22846685.0	73.63	8181479.0	26.37	51710.0	0.17	BA22_CA1_th_48_1	1
20189787.0	15059744.0	74.59	5130043.0	25.41	33873.0	0.17	BA22_CA1_th_49_1	1
25094051.0	18091743.0	72.1	7002308.0	27.9	40514.0	0.16	BA23_CA1_th_50_1	1
22952139.0	17115855.0	74.57	5836284.0	25.43	48091.0	0.21	BA23_CA1_th_51_1	1
24091263.0	18413200.0	76.43	5678063.0	23.57	36109.0	0.15	BA23_CA1_th_52_1	1
34614164.0	24829456.0	71.73	9784708.0	28.27	56067.0	0.16	BA23_CA1_th_53_1	1
27137400.0	19725170.0	72.69	7412230.0	27.31	42008.0	0.15	BA23_CA1_th_54_1	1
33973671.0	25243046.0	74.3	8730625.0	25.7	55751.0	0.16	BA23_CA1_th_55_1	1
31918486.0	23673665.0	74.17	8244821.0	25.83	44248.0	0.14	BA23_CA1_th_56_1	1
31141829.0	26451260.0	84.94	4690569.0	15.06	98511.0	0.32	BA23_CA1_th_57_1	1
24372026.0	17690229.0	72.58	6681797.0	27.42	50394.0	0.21	BA23_CA1_mid_29_1	1
16684365.0	11267150.0	67.53	5417215.0	32.47	27494.0	0.16	BA23_CA1_mid_30_1	1
28308813.0	20417046.0	72.12	7891767.0	27.88	68455.0	0.24	BA23_CA1_mid_31_1	1
24859641.0	17546304.0	70.58	7313337.0	29.42	49359.0	0.2	BA23_CA1_mid_32_1	1
24073578.0	16453797.0	68.35	7619781.0	31.65	35904.0	0.15	BA23_CA1_mid_33_1	1
11155605.0	8565820.0	76.78	2589785.0	23.22	21827.0	0.2	BA23_CA1_mid_34_1	1
15432649.0	10871356.0	70.44	4561293.0	29.56	23507.0	0.15	BA23_CA1_mid_35_1	1
18048098.0	12975504.0	71.89	5072594.0	28.11	32640.0	0.18	BA23_CA1_mid_36_1	1
29802262.0	21492308.0	72.12	8309954.0	27.88	59898.0	0.2	BA24_CA1_mid_37_1	1
27082638.0	19380874.0	71.56	7701764.0	28.44	62458.0	0.23	BA24_CA1_mid_38_1	1
32484538.0	22479170.0	69.2	10005368.0	30.8	51673.0	0.16	BA24_CA1_mid_39_1	1
39656672.0	25708796.0	64.83	13947876.0	35.17	52226.0	0.13	BA24_CA1_mid_40_1	1
33801775.0	24347813.0	72.03	9453962.0	27.97	52812.0	0.16	BA24_CA1_mid_41_1	1
24495254.0	17968912.0	73.36	6526342.0	26.64	38122.0	0.16	BA24_CA1_mid_42_1	1
22358291.0	14930623.0	66.78	7427668.0	33.22	37445.0	0.17	BA24_CA1_mid_43_1	1
22807286.0	16426305.0	72.02	6380981.0	27.98	45729.0	0.2	BA24_CA1_mid_44_1	1
22424195.0	17312666.0	77.21	5111529.0	22.79	45717.0	0.2	BA24_CA1_hy_10_1	1
23700748.0	18348350.0	77.42	5352398.0	22.58	39648.0	0.17	BA24_CA1_hy_11_1	1
25515534.0	19744051.0	77.38	5771483.0	22.62	48720.0	0.19	BA24_CA1_hy_12_1	1
12683772.0	6672846.0	52.61	6010926.0	47.39	109647.0	0.86	BA24_CA1_hy_13_1	1
22637313.0	16657440.0	73.58	5979873.0	26.42	31058.0	0.14	BA24_CA1_hy_14_1	1
20804682.0	16138579.0	77.57	4666103.0	22.43	34494.0	0.17	BA24_CA1_mid_21_1	1
20550109.0	15034734.0	73.16	5515375.0	26.84	28674.0	0.14	BA24_CA1_mid_22_1	1
24260845.0	19405217.0	79.99	4855628.0	20.01	39582.0	0.16	BA24_CA1_mid_23_1	1
30071379.0	24682181.0	82.08	5389198.0	17.92	48842.0	0.16	BA25_CA1_hy_31_1	1
18029451.0	15952566.0	88.48	2076885.0	11.52	51069.0	0.28	BA25_CA1_hy_32_1	1
19819698.0	17954159.0	90.59	1865539.0	9.41	32264.0	0.16	BA25_CA1_hy_33_1	1
15177997.0	11647855.0	76.74	3530142.0	23.26	28104.0	0.19	BA25_CA1_hy_34_1	1
31449428.0	24978571.0	79.42	6470857.0	20.58	53007.0	0.17	BA25_CA1_hy_35_1	1
29592870.0	24076838.0	81.36	5516032.0	18.64	47098.0	0.16	BA25_CA1_hy_36_1	1
31925750.0	25136831.0	78.74	6788919.0	21.26	72950.0	0.23	BA25_CA1_hy_37_1	1
9225327.0	5886833.0	63.81	3338494.0	36.19	15249.0	0.17	BA25_CA1_hy_38_1	1
58359209.0	45158041.0	77.38	13201168.0	22.62	67348.0	0.12	BA25_CA1_hi_4_1	1
31597354.0	28411459.0	89.92	3185895.0	10.08	30868.0	0.1	BA25_CA1_hi_5_1	1
23809838.0	21524287.0	90.4	2285551.0	9.6	32076.0	0.13	BA25_CA1_hi_6_1	1
27115827.0	21521100.0	79.37	5594727.0	20.63	37706.0	0.14	BA25_CA1_hi_7_1	1
30452219.0	23427594.0	76.93	7024625.0	23.07	47550.0	0.16	BA25_CA1_hi_8_1	1
16167070.0	13327298.0	82.43	2839772.0	17.57	19409.0	0.12	BA25_CA1_hi_9_1	1
28089159.0	22002189.0	78.33	6086970.0	21.67	59065.0	0.21	BA25_CA1_hi_10_1	1
6456773.0	3640503.0	56.38	2816270.0	43.62	7425.0	0.11	BA25_CA1_hi_11_1	1
28090160.0	22266897.0	79.27	5823263.0	20.73	41196.0	0.15	BA26_CA1_hy_39_1	1
25388108.0	21903946.0	86.28	3484162.0	13.72	55692.0	0.22	BA26_CA1_hy_40_1	1
27029435.0	23269933.0	86.09	3759502.0	13.91	38897.0	0.14	BA26_CA1_hy_41_1	1
27393985.0	18914636.0	69.05	8479349.0	30.95	40403.0	0.15	BA26_CA1_hy_42_1	1
35157561.0	26145929.0	74.37	9011632.0	25.63	51218.0	0.15	BA26_CA1_hy_43_1	1
33197460.0	25842965.0	77.85	7354495.0	22.15	62043.0	0.19	BA26_CA1_hy_44_1	1
30530073.0	24520569.0	80.32	6009504.0	19.68	56228.0	0.18	BA26_CA1_hy_45_1	1
15244026.0	8749956.0	57.4	6494070.0	42.6	36246.0	0.24	BA26_CA1_hy_46_1	1
35889452.0	28104235.0	78.31	7785217.0	21.69	36572.0	0.1	BA26_CA1_hi_12_1	1
26749265.0	23559294.0	88.07	3189971.0	11.93	24220.0	0.09	BA26_CA1_hi_13_1	1
25295381.0	20603425.0	81.45	4691956.0	18.55	40561.0	0.16	BA26_CA1_hi_14_1	1
14069682.0	11053401.0	78.56	3016281.0	21.44	16113.0	0.11	BA26_CA1_hi_15_1	1
30785788.0	23545755.0	76.48	7240033.0	23.52	37717.0	0.12	BA26_CA1_hi_16_1	1
13467663.0	11054290.0	82.08	2413373.0	17.92	15619.0	0.12	BA26_CA1_hi_17_1	1
32929708.0	26171416.0	79.48	6758292.0	20.52	79074.0	0.24	BA26_CA1_hi_18_1	1
26422198.0	20070802.0	75.96	6351396.0	24.04	43701.0	0.17	BA26_CA1_hi_19_1	1
26012614.0	19815491.0	76.18	6197123.0	23.82	35364.0	0.14	BA27_CA1_hy_47_1	1
18377869.0	14263879.0	77.61	4113990.0	22.39	48935.0	0.27	BA27_CA1_hy_48_1	1
20077031.0	15231517.0	75.87	4845514.0	24.13	28937.0	0.14	BA27_CA1_hy_49_1	1
22701038.0	14928862.0	65.76	7772176.0	34.24	32127.0	0.14	BA27_CA1_hy_50_1	1
21251687.0	15373984.0	72.34	5877703.0	27.66	28887.0	0.14	BA27_CA1_hy_51_1	1
26014441.0	19760160.0	75.96	6254281.0	24.04	32166.0	0.12	BA27_CA1_hy_52_1	1
23762633.0	17330153.0	72.93	6432480.0	27.07	45302.0	0.19	BA27_CA1_hy_53_1	1
24405201.0	18268212.0	74.85	6136989.0	25.15	36786.0	0.15	BA27_CA1_hy_54_1	1
36172007.0	27384813.0	75.71	8787194.0	24.29	30274.0	0.08	BA27_CA1_hi_20_1	1
23451362.0	20499701.0	87.41	2951661.0	12.59	21829.0	0.09	BA27_CA1_hi_21_1	1
24353766.0	21049042.0	86.43	3304724.0	13.57	32808.0	0.13	BA27_CA1_hi_22_1	1
30251836.0	24591183.0	81.29	5660653.0	18.71	36100.0	0.12	BA27_CA1_hi_23_1	1
39244996.0	30210508.0	76.98	9034488.0	23.02	39204.0	0.1	BA27_CA1_hi_24_1	1
28506387.0	25089030.0	88.01	3417357.0	11.99	45475.0	0.16	BA27_CA1_hi_25_1	1
35308523.0	28912784.0	81.89	6395739.0	18.11	61534.0	0.17	BA27_CA1_hi_26_1	1
29285843.0	24384906.0	83.27	4900937.0	16.73	56956.0	0.19	BA27_CA1_hi_27_1	1
38494271.0	29633361.0	76.98	8860910.0	23.02	57906.0	0.15	BA28_CA1_hy_55_1	1
28241328.0	23580505.0	83.5	4660823.0	16.5	70202.0	0.25	BA28_CA1_hy_56_1	1
31192059.0	25215139.0	80.84	5976920.0	19.16	41011.0	0.13	BA28_CA1_hy_57_1	1
36933931.0	27103134.0	73.38	9830797.0	26.62	43177.0	0.12	BA28_CA1_hy_58_1	1
38692131.0	29359678.0	75.88	9332453.0	24.12	62233.0	0.16	BA28_CA1_hy_59_1	1
37215252.0	30433052.0	81.78	6782200.0	18.22	54261.0	0.15	BA28_CA1_hi_1_1	1
28489983.0	22319397.0	78.34	6170586.0	21.66	50155.0	0.18	BA28_CA1_hy_2_1	1
31439529.0	23141817.0	73.61	8297712.0	26.39	56791.0	0.18	BA28_CA1_hi_28_1	1
23897484.0	19495987.0	81.58	4401497.0	18.42	24723.0	0.1	BA28_CA1_hi_29_1	1
17445217.0	15320880.0	87.82	2124337.0	12.18	16084.0	0.09	BA28_CA1_hi_30_1	1
24214324.0	20378966.0	84.16	3835358.0	15.84	35100.0	0.14	BA28_CA1_hi_31_1	1
25917158.0	19988000.0	77.12	5929158.0	22.88	34269.0	0.13	BA28_CA1_hi_32_1	1
29533432.0	23980007.0	81.2	5553425.0	18.8	40974.0	0.14	BA28_CA1_hi_33_1	1
9869825.0	8379989.0	84.91	1489836.0	15.09	10997.0	0.11	BA28_CA1_hi_34_1	1
4691.0	3802.0	81.05	889.0	18.95	6.0	0.13	BA28_CA1_hi_35_1	1
22202310.0	17846983.0	80.38	4355327.0	19.62	34257.0	0.15	BA28_CA1_mid_24_1	1
26350473.0	21166587.0	80.33	5183886.0	19.67	24777.0	0.09	BA29_CA1_hi_36_1	1
23498620.0	20497850.0	87.23	3000770.0	12.77	31267.0	0.13	BA29_CA1_hi_37_1	1
20427956.0	16775807.0	82.12	3652149.0	17.88	15941.0	0.08	BA29_CA1_hi_38_1	1
25778705.0	19410076.0	75.3	6368629.0	24.7	28011.0	0.11	BA29_CA1_hi_39_1	1
24674286.0	19211620.0	77.86	5462666.0	22.14	27081.0	0.11	BA29_CA1_hi_40_1	1
29352845.0	23484997.0	80.01	5867848.0	19.99	38849.0	0.13	BA29_CA1_hi_41_1	1
21185143.0	17249404.0	81.42	3935739.0	18.58	56046.0	0.26	BA29_CA1_hi_42_1	1
25708097.0	19767028.0	76.89	5941069.0	23.11	32263.0	0.13	BA29_CA1_hi_43_1	1
30740213.0	21741146.0	70.73	8999067.0	29.27	23349.0	0.08	BA29_CA1_plx_1_1	1
24440847.0	19642015.0	80.37	4798832.0	19.63	24283.0	0.1	BA29_CA1_plx_2_1	1
21002949.0	13734449.0	65.39	7268500.0	34.61	231971.0	1.1	BA29_CA1_plx_3_1	1
27421505.0	20463076.0	74.62	6958429.0	25.38	29982.0	0.11	BA29_CA1_hi2_4_1	1
30000379.0	21514059.0	71.71	8486320.0	28.29	23137.0	0.08	BA29_CA1_plx_5_1	1
10334127.0	8153343.0	78.9	2180784.0	21.1	9313.0	0.09	BA29_CA1_plx_6_1	1
28450129.0	22210530.0	78.07	6239599.0	21.93	37063.0	0.13	BA29_CA1_plx_7_1	1
25312548.0	18923733.0	74.76	6388815.0	25.24	31175.0	0.12	BA29_CA1_plx_8_1	1
7395.0	5899.0	79.77	1496.0	20.23	7.0	0.09	BA30_CA1_hi_44_1	1
20662384.0	16831766.0	81.46	3830618.0	18.54	33439.0	0.16	BA30_CA1_hi_45_1	1
24182168.0	17231438.0	71.26	6950730.0	28.74	17843.0	0.07	BA30_CA1_hi_46_1	1
24789778.0	17727283.0	71.51	7062495.0	28.49	22326.0	0.09	BA30_CA1_hi_47_1	1
32386334.0	24674843.0	76.19	7711491.0	23.81	30267.0	0.09	BA30_CA1_hi_48_1	1
33025495.0	25709650.0	77.85	7315845.0	22.15	27470.0	0.08	BA30_CA1_hi_49_1	1
26688171.0	20652167.0	77.38	6036004.0	22.62	40579.0	0.15	BA30_CA1_hi_50_1	1
33760596.0	26184749.0	77.56	7575847.0	22.44	48982.0	0.15	BA30_CA1_hi_51_1	1
44554936.0	37159969.0	83.4	7394967.0	16.6	40687.0	0.09	BA30_CA1_hi_52_1	1
30518010.0	25875377.0	84.79	4642633.0	15.21	34286.0	0.11	BA30_CA1_hi_53_1	1
35308226.0	29563923.0	83.73	5744303.0	16.27	50748.0	0.14	BA30_CA1_hi_54_1	1
32114363.0	25776492.0	80.26	6337871.0	19.74	24212.0	0.08	BA30_CA1_hi_55_1	1
34033463.0	27931559.0	82.07	6101904.0	17.93	22201.0	0.07	BA30_CA1_hi_56_1	1
28611919.0	25000528.0	87.38	3611391.0	12.62	39718.0	0.14	BA30_CA1_hi_57_1	1
4473.0	3819.0	85.38	654.0	14.62	6.0	0.13	BA30_CA1_hi_58_1	1
28435498.0	24697313.0	86.85	3738185.0	13.15	26291.0	0.09	BA30_CA1_hi_59_1	1
28235591.0	25115866.0	88.95	3119725.0	11.05	31581.0	0.11	BA31_CA1_plx_9_1	1
21814681.0	18067199.0	82.82	3747482.0	17.18	26094.0	0.12	BA31_CA1_plx_10_1	1
30460980.0	23894814.0	78.44	6566166.0	21.56	45729.0	0.15	BA31_CA1_plx_11_1	1
18872591.0	13582699.0	71.97	5289892.0	28.03	22565.0	0.12	BA31_CA1_plx_12_1	1
42497528.0	38826425.0	91.36	3671103.0	8.64	27616.0	0.06	BA31_CA1_plx_13_1	1
22662184.0	19118807.0	84.36	3543377.0	15.64	26617.0	0.12	BA31_CA1_plx_14_1	1
26840286.0	22194382.0	82.69	4645904.0	17.31	20749.0	0.08	BA31_CA1_plx_15_1	1
23877980.0	18505174.0	77.5	5372806.0	22.5	24965.0	0.1	BA31_CA1_plx_16_1	1
27528517.0	23288236.0	84.6	4240281.0	15.4	27304.0	0.1	BA31_CA1_plx_57_1	1
28949423.0	24208825.0	83.62	4740598.0	16.38	38683.0	0.13	BA31_CA1_plx_58_1	1
21554854.0	17462004.0	81.01	4092850.0	18.99	53645.0	0.25	BA31_CA1_plx_59_1	1
23005523.0	19063957.0	82.87	3941566.0	17.13	20112.0	0.09	BA31_CA1_hi2_1_1	1
20290341.0	17834921.0	87.9	2455420.0	12.1	16515.0	0.08	BA31_CA1_hi2_2_1	1
13725665.0	11275224.0	82.15	2450441.0	17.85	15226.0	0.11	BA31_CA1_vis_3_1	1
28726224.0	23129622.0	80.52	5596602.0	19.48	23694.0	0.08	BA31_CA1_plx_4_1	1
21165438.0	15500606.0	73.24	5664832.0	26.76	24314.0	0.11	BA31_CA1_hi2_5_1	1
27998880.0	24255373.0	86.63	3743507.0	13.37	34106.0	0.12	BA32_CA1_plx_17_1	1
25680649.0	21278257.0	82.86	4402392.0	17.14	32814.0	0.13	BA32_CA1_plx_18_1	1
32307313.0	26495305.0	82.01	5812008.0	17.99	61107.0	0.19	BA32_CA1_plx_19_1	1
23092313.0	18177544.0	78.72	4914769.0	21.28	19309.0	0.08	BA32_CA1_plx_20_1	1
31909902.0	28527775.0	89.4	3382127.0	10.6	27347.0	0.09	BA32_CA1_plx_21_1	1
17544886.0	14863041.0	84.71	2681845.0	15.29	21465.0	0.12	BA32_CA1_plx_23_1	1
19568144.0	14978095.0	76.54	4590049.0	23.46	18247.0	0.09	BA32_CA1_plx_22_1	1
23682012.0	17993882.0	75.98	5688130.0	24.02	41835.0	0.18	BA32_CA1_plx_24_1	1
23264749.0	19253452.0	82.76	4011297.0	17.24	52461.0	0.23	BA32_CA1_hi2_6_1	1
17913401.0	14891238.0	83.13	3022163.0	16.87	31999.0	0.18	BA32_CA1_hi2_7_1	1
29686961.0	25313397.0	85.27	4373564.0	14.73	111814.0	0.38	BA32_CA1_hi2_8_1	1
21714579.0	17023364.0	78.4	4691215.0	21.6	36703.0	0.17	BA32_CA1_hi2_9_1	1
22698948.0	18994269.0	83.68	3704679.0	16.32	28958.0	0.13	BA32_CA1_hi2_10_1	1
10344476.0	8597258.0	83.11	1747218.0	16.89	15281.0	0.15	BA32_CA1_hi2_11_1	1
20228545.0	16712532.0	82.62	3516013.0	17.38	19120.0	0.09	BA32_CA1_hi2_12_1	1
22227836.0	18235213.0	82.04	3992623.0	17.96	31187.0	0.14	BA32_CA1_hi2_13_1	1
20845801.0	16487651.0	79.09	4358150.0	20.91	28579.0	0.14	BA33_CA1_plx_25_1	1
21289452.0	18050349.0	84.79	3239103.0	15.21	24431.0	0.11	BA33_CA1_plx_26_1	1
31035683.0	23302654.0	75.08	7733029.0	24.92	43581.0	0.14	BA33_CA1_plx_27_1	1
24431022.0	17444235.0	71.4	6986787.0	28.6	31803.0	0.13	BA33_CA1_plx_28_1	1
41631768.0	36240521.0	87.05	5391247.0	12.95	45461.0	0.11	BA33_CA1_plx_29_1	1
12953455.0	10414485.0	80.4	2538970.0	19.6	16511.0	0.13	BA33_CA1_plx_30_1	1
31663170.0	23294957.0	73.57	8368213.0	26.43	30298.0	0.1	BA33_CA1_plx_31_1	1
18382290.0	14362299.0	78.13	4019991.0	21.87	23051.0	0.13	BA33_CA1_plx_32_1	1
26527956.0	22453860.0	84.64	4074096.0	15.36	26144.0	0.1	BA33_CA1_hi2_14_1	1
26257343.0	21765849.0	82.89	4491494.0	17.11	36201.0	0.14	BA33_CA1_hi2_15_1	1
28010770.0	22593897.0	80.66	5416873.0	19.34	71026.0	0.25	BA33_CA1_hi2_16_1	1
16432041.0	13106655.0	79.76	3325386.0	20.24	38274.0	0.23	BA33_CA1_hi2_17_1	1
29469156.0	25324777.0	85.94	4144379.0	14.06	36886.0	0.13	BA33_CA1_hi2_18_1	1
26115725.0	22684310.0	86.86	3431415.0	13.14	38341.0	0.15	BA33_CA1_hi2_19_1	1
19234915.0	15117887.0	78.6	4117028.0	21.4	20491.0	0.11	BA33_CA1_hi2_20_1	1
33912912.0	26899493.0	79.32	7013419.0	20.68	43782.0	0.13	BA33_CA1_hi2_21_1	1
26015347.0	21992844.0	84.54	4022503.0	15.46	27088.0	0.1	BA34_CA1_plx_33_1	1
9394411.0	7882281.0	83.9	1512130.0	16.1	13191.0	0.14	BA34_CA1_plx_34_1	1
36939020.0	31160763.0	84.36	5778257.0	15.64	73877.0	0.2	BA34_CA1_plx_35_1	1
16019372.0	10510506.0	65.61	5508866.0	34.39	22160.0	0.14	BA34_CA1_plx_36_1	1
30825727.0	26939782.0	87.39	3885945.0	12.61	44366.0	0.14	BA34_CA1_plx_37_1	1
18468721.0	14212197.0	76.95	4256524.0	23.05	26033.0	0.14	BA34_CA1_plx_38_1	1
28830088.0	23086158.0	80.08	5743930.0	19.92	30639.0	0.11	BA34_CA1_plx_39_1	1
24331070.0	19585678.0	80.5	4745392.0	19.5	26034.0	0.11	BA34_CA1_plx_40_1	1
38298525.0	32210845.0	84.1	6087680.0	15.9	52682.0	0.14	BA34_CA1_hi2_22_1	1
21687121.0	17505336.0	80.72	4181785.0	19.28	37777.0	0.17	BA34_CA1_hi2_23_1	1
32238909.0	27011123.0	83.78	5227786.0	16.22	85726.0	0.27	BA34_CA1_hi2_24_1	1
16368069.0	11478881.0	70.13	4889188.0	29.87	38769.0	0.24	BA34_CA1_hi2_25_1	1
22952710.0	19333553.0	84.23	3619157.0	15.77	29296.0	0.13	BA34_CA1_hi2_26_1	1
11180993.0	8940689.0	79.96	2240304.0	20.04	14547.0	0.13	BA34_CA1_hi2_27_1	1
18960135.0	14187448.0	74.83	4772687.0	25.17	22255.0	0.12	BA34_CA1_hi2_28_1	1
24415607.0	19796451.0	81.08	4619156.0	18.92	27924.0	0.11	BA34_CA1_hi2_29_1	1
34582224.0	28884091.0	83.52	5698133.0	16.48	41492.0	0.12	BA35_CA1_plx_41_1	1
17570326.0	14926108.0	84.95	2644218.0	15.05	19414.0	0.11	BA35_CA1_plx_42_1	1
24834937.0	20921015.0	84.24	3913922.0	15.76	44020.0	0.18	BA35_CA1_plx_43_1	1
23509872.0	15142553.0	64.41	8367319.0	35.59	38544.0	0.16	BA35_CA1_plx_44_1	1
32299938.0	26641604.0	82.48	5658334.0	17.52	39425.0	0.12	BA35_CA1_plx_45_1	1
23279700.0	17339836.0	74.48	5939864.0	25.52	28520.0	0.12	BA35_CA1_plx_46_1	1
21948971.0	16315080.0	74.33	5633891.0	25.67	23969.0	0.11	BA35_CA1_plx_47_1	1
24961547.0	20473534.0	82.02	4488013.0	17.98	34097.0	0.14	BA35_CA1_plx_48_1	1
25156968.0	19656584.0	78.14	5500384.0	21.86	32555.0	0.13	BA35_CA1_hi2_30_1	1
22260177.0	18498371.0	83.1	3761806.0	16.9	26930.0	0.12	BA35_CA1_hi2_31_1	1
32224443.0	26172899.0	81.22	6051544.0	18.78	61030.0	0.19	BA35_CA1_hi2_32_1	1
22538533.0	14998462.0	66.55	7540071.0	33.45	43183.0	0.19	BA35_CA1_hi2_33_1	1
24754844.0	20145127.0	81.38	4609717.0	18.62	30572.0	0.12	BA35_CA1_hi2_34_1	1
13965802.0	10516756.0	75.3	3449046.0	24.7	15414.0	0.11	BA35_CA1_hi2_35_1	1
23579516.0	18658680.0	79.13	4920836.0	20.87	27022.0	0.11	BA35_CA1_hi2_36_1	1
32552559.0	27017875.0	83.0	5534684.0	17.0	31550.0	0.1	BA35_CA1_hi2_37_1	1
21386749.0	16654936.0	77.88	4731813.0	22.12	25625.0	0.12	BA36_CA1_plx_49_1	1
12407160.0	10024078.0	80.79	2383082.0	19.21	10521.0	0.08	BA36_CA1_plx_50_1	1
28022577.0	20308597.0	72.47	7713980.0	27.53	39933.0	0.14	BA36_CA1_plx_51_1	1
27584316.0	18970212.0	68.77	8614104.0	31.23	43173.0	0.16	BA36_CA1_plx_52_1	1
26651151.0	19061921.0	71.52	7589230.0	28.48	26644.0	0.1	BA36_CA1_plx_53_1	1
19678881.0	14973294.0	76.09	4705587.0	23.91	21624.0	0.11	BA36_CA1_plx_54_1	1
13911430.0	10421998.0	74.92	3489432.0	25.08	14930.0	0.11	BA36_CA1_plx_55_1	1
17725564.0	14128598.0	79.71	3596966.0	20.29	21377.0	0.12	BA36_CA1_plx_56_1	1
27797778.0	22448517.0	80.76	5349261.0	19.24	35844.0	0.13	BA36_CA1_hi2_38_1	1
26274255.0	23573359.0	89.72	2700896.0	10.28	15512.0	0.06	BA36_CA1_hi2_39_1	1
32128030.0	26258289.0	81.73	5869741.0	18.27	41314.0	0.13	BA36_CA1_hi2_40_1	1
28534077.0	21603108.0	75.71	6930969.0	24.29	46992.0	0.16	BA36_CA1_hi2_41_1	1
35787125.0	27100178.0	75.73	8686947.0	24.27	41867.0	0.12	BA36_CA1_hi2_42_1	1
23265945.0	19094794.0	82.07	4171151.0	17.93	32794.0	0.14	BA36_CA1_hi2_43_1	1
29221836.0	24453786.0	83.68	4768050.0	16.32	35055.0	0.12	BA36_CA1_hi2_44_1	1
33302036.0	29138908.0	87.5	4163128.0	12.5	36625.0	0.11	BA36_CA1_hi2_45_1	1
29133707.0	24466936.0	83.98	4666771.0	16.02	40440.0	0.14	BA37_CA1_hi2_46_1	1
23821894.0	18987553.0	79.71	4834341.0	20.29	29527.0	0.12	BA37_CA1_hi2_47_1	1
23251655.0	18813225.0	80.91	4438430.0	19.09	20264.0	0.09	BA37_CA1_hi2_48_1	1
24108286.0	19669278.0	81.59	4439008.0	18.41	25475.0	0.11	BA37_CA1_hi2_49_1	1
32603193.0	28242754.0	86.63	4360439.0	13.37	30124.0	0.09	BA37_CA1_hi2_50_1	1
23857439.0	18198269.0	76.28	5659170.0	23.72	24067.0	0.1	BA37_CA1_hi2_51_1	1
30699240.0	26962766.0	87.83	3736474.0	12.17	20336.0	0.07	BA37_CA1_hi2_52_1	1
31307140.0	24609569.0	78.61	6697571.0	21.39	42795.0	0.14	BA37_CA1_hi2_53_1	1
25892757.0	19604914.0	75.72	6287843.0	24.28	58278.0	0.23	BA37_CA1_vis_27_1	1
26927041.0	18159960.0	67.44	8767081.0	32.56	50487.0	0.19	BA37_CA1_vis_28_1	1
22804897.0	16752651.0	73.46	6052246.0	26.54	40092.0	0.18	BA37_CA1_vis_29_1	1
24604253.0	19363863.0	78.7	5240390.0	21.3	38824.0	0.16	BA37_CA1_vis_30_1	1
19178131.0	15103790.0	78.76	4074341.0	21.24	26203.0	0.14	BA37_CA1_vis_31_1	1
9655227.0	7319413.0	75.81	2335814.0	24.19	16903.0	0.18	BA37_CA1_vis_32_1	1
24239232.0	21042919.0	86.81	3196313.0	13.19	23138.0	0.1	BA37_CA1_vis_33_1	1
20296661.0	16353387.0	80.57	3943274.0	19.43	33920.0	0.17	BA37_CA1_vis_34_1	1
29548226.0	22283554.0	75.41	7264672.0	24.59	36046.0	0.12	BA38_CA1_hi2_54_1	1
20307916.0	14094812.0	69.41	6213104.0	30.59	32752.0	0.16	BA38_CA1_hi2_55_1	1
25416174.0	19762901.0	77.76	5653273.0	22.24	23265.0	0.09	BA38_CA1_hi2_56_1	1
23293939.0	18304437.0	78.58	4989502.0	21.42	24786.0	0.11	BA38_CA1_hi2_57_1	1
30833596.0	26117050.0	84.7	4716546.0	15.3	24086.0	0.08	BA38_CA1_hi2_58_1	1
27507519.0	21031005.0	76.46	6476514.0	23.54	29196.0	0.11	BA38_CA1_hi2_59_1	1
19329800.0	16195746.0	83.79	3134054.0	16.21	15951.0	0.08	BA38_CA1_vis_1_1	1
49240653.0	37956483.0	77.08	11284170.0	22.92	69210.0	0.14	BA38_CA1_vis_2_1	1
26924097.0	20892681.0	77.6	6031416.0	22.4	46606.0	0.17	BA38_CA1_vis_35_1	1
22903210.0	15853032.0	69.22	7050178.0	30.78	36947.0	0.16	BA38_CA1_vis_36_1	1
25658980.0	18222786.0	71.02	7436194.0	28.98	40051.0	0.16	BA38_CA1_vis_37_1	1
21698629.0	15280524.0	70.42	6418105.0	29.58	36926.0	0.17	BA38_CA1_vis_38_1	1
20907254.0	15648815.0	74.85	5258439.0	25.15	28772.0	0.14	BA38_CA1_vis_39_1	1
10434380.0	8104643.0	77.67	2329737.0	22.33	14605.0	0.14	BA38_CA1_vis_40_1	1
22199800.0	17636593.0	79.44	4563207.0	20.56	21254.0	0.1	BA38_CA1_vis_41_1	1
22232566.0	15695076.0	70.59	6537490.0	29.41	31577.0	0.14	BA38_CA1_vis_42_1	1
9846162.0	7331025.0	74.46	2515137.0	25.54	15452.0	0.16	BA39_CA1_hi2_3_1	1
6677741.0	4584169.0	68.65	2093572.0	31.35	7901.0	0.12	BA39_CA1_vis_5_1	1
8639252.0	5190883.0	60.08	3448369.0	39.92	11186.0	0.13	BA39_CA1_vis_6_1	1
6781417.0	4693890.0	69.22	2087527.0	30.78	8970.0	0.13	BA39_CA1_vis_7_1	1
6673681.0	4486168.0	67.22	2187513.0	32.78	7652.0	0.11	BA39_CA1_vis_8_1	1
353941.0	123002.0	34.75	230939.0	65.25	390.0	0.11	BA39_CA1_mid_25_1	1
6141694.0	4107146.0	66.87	2034548.0	33.13	8833.0	0.14	BA39_CA1_vis_10_1	1
221025124.0	179898553.0	81.39	41126571.0	18.61	497097.0	0.22	BA39_CA1_vis_43_1	1
9678452.0	6690919.0	69.13	2987533.0	30.87	13195.0	0.14	BA39_CA1_vis_44_1	1
55519150.0	37497794.0	67.54	18021356.0	32.46	91753.0	0.17	BA39_CA1_vis_45_1	1
12994077.0	9065540.0	69.77	3928537.0	30.23	21149.0	0.16	BA39_CA1_vis_46_1	1
19045426.0	13370110.0	70.2	5675316.0	29.8	31505.0	0.17	BA39_CA1_vis_47_1	1
7546715.0	5623114.0	74.51	1923601.0	25.49	12560.0	0.17	BA39_CA1_vis_48_1	1
9689135.0	7362979.0	75.99	2326156.0	24.01	12239.0	0.13	BA39_CA1_vis_49_1	1
8966523.0	6648790.0	74.15	2317733.0	25.85	12377.0	0.14	BA39_CA1_vis_50_1	1
35983500.0	29435331.0	81.8	6548169.0	18.2	68344.0	0.19	BA40_CA1_vis_11_1	1
25342631.0	18530253.0	73.12	6812378.0	26.88	34729.0	0.14	BA40_CA1_vis_13_1	1
25759861.0	17349109.0	67.35	8410752.0	32.65	39743.0	0.15	BA40_CA1_vis_14_1	1
27523334.0	20029750.0	72.77	7493584.0	27.23	50304.0	0.18	BA40_CA1_vis_15_1	1
27192275.0	20018828.0	73.62	7173447.0	26.38	46860.0	0.17	BA40_CA1_vis_16_1	1
20338380.0	15790084.0	77.64	4548296.0	22.36	28823.0	0.14	BA40_CA1_vis_17_1	1
30451702.0	21831741.0	71.69	8619961.0	28.31	48402.0	0.16	BA40_CA1_vis_18_1	1
38551997.0	30388977.0	78.83	8163020.0	21.17	70841.0	0.18	BA40_CA1_vis_59_1	1
29854550.0	22213012.0	74.4	7641538.0	25.6	47569.0	0.16	BA40_CA1_ent_1_1	1
25462149.0	17234889.0	67.69	8227260.0	32.31	46171.0	0.18	BA40_CA1_ent_3_1	1
9945281.0	7679741.0	77.22	2265540.0	22.78	12975.0	0.13	BA40_CA1_ent_5_1	1
26159471.0	19768401.0	75.57	6391070.0	24.43	41101.0	0.16	BA40_CA1_ent_6_1	1
27233262.0	20176961.0	74.09	7056301.0	25.91	48390.0	0.18	BA40_CA1_ent_7_1	1
32343134.0	25919732.0	80.14	6423402.0	19.86	72893.0	0.23	BA41_CA1_vis_19_1	1
24350091.0	17940851.0	73.68	6409240.0	26.32	50578.0	0.21	BA41_CA1_vis_20_1	1
23982377.0	17443529.0	72.73	6538848.0	27.27	40440.0	0.17	BA41_CA1_vis_21_1	1
24501291.0	16789969.0	68.53	7711322.0	31.47	45341.0	0.19	BA41_CA1_vis_22_1	1
25318829.0	17799263.0	70.3	7519566.0	29.7	44357.0	0.18	BA41_CA1_vis_23_1	1
26804303.0	19807408.0	73.9	6996895.0	26.1	54363.0	0.2	BA41_CA1_vis_24_1	1
20273803.0	14147379.0	69.78	6126424.0	30.22	27877.0	0.14	BA41_CA1_vis_25_1	1
28125220.0	20602782.0	73.25	7522438.0	26.75	58078.0	0.21	BA41_CA1_vis_26_1	1
29892226.0	23121987.0	77.35	6770239.0	22.65	59108.0	0.2	BA41_CA1_ent_8_1	1
23901567.0	16623795.0	69.55	7277772.0	30.45	32410.0	0.14	BA41_CA1_ent_9_1	1
26636447.0	18334774.0	68.83	8301673.0	31.17	46894.0	0.18	BA41_CA1_ent_10_1	1
29376306.0	21521157.0	73.26	7855149.0	26.74	43586.0	0.15	BA41_CA1_ent_11_1	1
25732565.0	16118267.0	62.64	9614298.0	37.36	30088.0	0.12	BA41_CA1_ent_12_1	1
11560758.0	8736569.0	75.57	2824189.0	24.43	14223.0	0.12	BA41_CA1_ent_13_1	1
22779824.0	15479854.0	67.95	7299970.0	32.05	28703.0	0.13	BA41_CA1_ent_14_1	1
24382529.0	16813974.0	68.96	7568555.0	31.04	37227.0	0.15	BA41_CA1_ent_15_1	1
24754940.0	18889132.0	76.3	5865808.0	23.7	40069.0	0.16	BA42_CA1_vis_51_1	1
19948287.0	14806884.0	74.23	5141403.0	25.77	28985.0	0.15	BA42_CA1_vis_52_1	1
17725624.0	12003478.0	67.72	5722146.0	32.28	18421.0	0.1	BA42_CA1_vis_53_1	1
25315186.0	16413780.0	64.84	8901406.0	35.16	39662.0	0.16	BA42_CA1_vis_54_1	1
21283012.0	14292629.0	67.16	6990383.0	32.84	37123.0	0.17	BA42_CA1_vis_55_1	1
20935597.0	14696890.0	70.2	6238707.0	29.8	26582.0	0.13	BA42_CA1_vis_56_1	1
19987268.0	13278743.0	66.44	6708525.0	33.56	29415.0	0.15	BA42_CA1_vis_57_1	1
24807916.0	17549288.0	70.74	7258628.0	29.26	36511.0	0.15	BA42_CA1_vis_58_1	1
34476270.0	24993273.0	72.49	9482997.0	27.51	50382.0	0.15	BA42_CA1_ent_16_1	1
26684383.0	20541636.0	76.98	6142747.0	23.02	36866.0	0.14	BA42_CA1_ent_17_1	1
24295368.0	18554623.0	76.37	5740745.0	23.63	35056.0	0.14	BA42_CA1_ent_18_1	1
29089504.0	20032920.0	68.87	9056584.0	31.13	34122.0	0.12	BA42_CA1_ent_19_1	1
35344172.0	22797144.0	64.5	12547028.0	35.5	39826.0	0.11	BA42_CA1_ent_20_1	1
19004271.0	14745989.0	77.59	4258282.0	22.41	29916.0	0.16	BA42_CA1_ent_21_1	1
24310669.0	16922822.0	69.61	7387847.0	30.39	30373.0	0.12	BA42_CA1_ent_22_1	1
32215181.0	23803389.0	73.89	8411792.0	26.11	44593.0	0.14	BA42_CA1_ent_23_1	1
20549191.0	14990828.0	72.95	5558363.0	27.05	49625.0	0.24	BA43_CA1_ent_24_1	1
18055645.0	14624783.0	81.0	3430862.0	19.0	27793.0	0.15	BA43_CA1_ent_25_1	1
17486169.0	10386205.0	59.4	7099964.0	40.6	38659.0	0.22	BA43_CA1_ent_26_1	1
29539331.0	22663483.0	76.72	6875848.0	23.28	59739.0	0.2	BA43_CA1_ent_27_1	1
22791091.0	14818817.0	65.02	7972274.0	34.98	46230.0	0.2	BA43_CA1_ent_28_1	1
24624746.0	19963013.0	81.07	4661733.0	18.93	38194.0	0.16	BA43_CA1_ent_29_1	1
28642700.0	26299154.0	91.82	2343546.0	8.18	16571.0	0.06	BA43_CA1_ent_30_1	1
36756461.0	33709849.0	91.71	3046612.0	8.29	78985.0	0.21	BA43_CA2_cor_84_1	1
27393266.0	22008459.0	80.34	5384807.0	19.66	43098.0	0.16	BA43_CA1_mid_13_1	1
35694301.0	29734815.0	83.3	5959486.0	16.7	105948.0	0.3	BA43_CA1_mid_14_1	1
26465912.0	20352657.0	76.9	6113255.0	23.1	83751.0	0.32	BA43_CA1_mid_15_1	1
22247946.0	17949842.0	80.68	4298104.0	19.32	50697.0	0.23	BA43_CA1_mid_16_1	1
23674803.0	18736966.0	79.14	4937837.0	20.86	54285.0	0.23	BA43_CA1_mid_17_1	1
2534209.0	2119211.0	83.62	414998.0	16.38	7914.0	0.31	BA43_CA1_mid_18_1	1
23120495.0	19926497.0	86.19	3193998.0	13.81	21000.0	0.09	BA43_CA1_mid_19_1	1
22854369.0	20060809.0	87.78	2793560.0	12.22	32514.0	0.14	BA43_CA1_mid_20_1	1
21149799.0	15890478.0	75.13	5259321.0	24.87	34849.0	0.16	BA44_CA1_ent_32_1	1
22018661.0	17872972.0	81.17	4145689.0	18.83	33365.0	0.15	BA44_CA1_ent_33_1	1
20972234.0	14655741.0	69.88	6316493.0	30.12	28065.0	0.13	BA44_CA1_ent_34_1	1
27325496.0	21242829.0	77.74	6082667.0	22.26	38693.0	0.14	BA44_CA1_ent_35_1	1
35328926.0	25585311.0	72.42	9743615.0	27.58	47800.0	0.14	BA44_CA1_ent_36_1	1
24776390.0	20501106.0	82.74	4275284.0	17.26	38990.0	0.16	BA44_CA1_ent_37_1	1
28103729.0	25117678.0	89.37	2986051.0	10.63	21802.0	0.08	BA44_CA1_ent_38_1	1
25621742.0	21803641.0	85.1	3818101.0	14.9	46205.0	0.18	BA44_CA1_ent_39_1	1
20995127.0	15856558.0	75.52	5138569.0	24.48	50770.0	0.24	BA44_CA1_mid_5_1	1
38996231.0	30812997.0	79.02	8183234.0	20.98	85386.0	0.22	BA44_CA1_mid_6_1	1
24600045.0	17357633.0	70.56	7242412.0	29.44	72528.0	0.29	BA44_CA1_mid_7_1	1
29180070.0	22885946.0	78.43	6294124.0	21.57	70906.0	0.24	BA44_CA1_mid_8_1	1
22076006.0	14996767.0	67.93	7079239.0	32.07	43161.0	0.2	BA44_CA1_mid_9_1	1
14693024.0	12043245.0	81.97	2649779.0	18.03	38621.0	0.26	BA44_CA1_mid_10_1	1
28912188.0	25252901.0	87.34	3659287.0	12.66	36438.0	0.13	BA44_CA1_mid_11_1	1
22662905.0	18772779.0	82.83	3890126.0	17.17	51695.0	0.23	BA44_CA1_mid_12_1	1
50192296.0	39910462.0	79.52	10281834.0	20.48	71606.0	0.14	BA45_CA1_ent_40_1	1
22003192.0	16147173.0	73.39	5856019.0	26.61	30055.0	0.14	BA45_CA1_ent_41_1	1
34009482.0	26327243.0	77.41	7682239.0	22.59	43765.0	0.13	BA45_CA1_ent_42_1	1
32464946.0	22767006.0	70.13	9697940.0	29.87	48803.0	0.15	BA45_CA1_ent_43_1	1
37112744.0	27971610.0	75.37	9141134.0	24.63	52003.0	0.14	BA45_CA1_ent_44_1	1
33036379.0	24512110.0	74.2	8524269.0	25.8	44147.0	0.13	BA45_CA1_ent_45_1	1
39284229.0	34054254.0	86.69	5229975.0	13.31	35384.0	0.09	BA45_CA1_ent_46_1	1
28208618.0	22269234.0	78.94	5939384.0	21.06	43358.0	0.15	BA45_CA1_ent_47_1	1
38266.0	26705.0	69.79	11561.0	30.21	88.0	0.23	BA45_CA1_ent_56_1	1
37548845.0	28197080.0	75.09	9351765.0	24.91	67026.0	0.18	BA45_CA1_ent_57_1	1
517811.0	86633.0	16.73	431178.0	83.27	282.0	0.05	BA45_CA1_ent_58_1	1
203311.0	35978.0	17.7	167333.0	82.3	102.0	0.05	BA45_CA1_ent_59_1	1
526975.0	112080.0	21.27	414895.0	78.73	362.0	0.07	BA45_CA1_mid_1_1	1
54927.0	12210.0	22.23	42717.0	77.77	26.0	0.05	BA45_CA1_mid_2_1	1
368721.0	69479.0	18.84	299242.0	81.16	75.0	0.02	BA45_CA1_mid_3_1	1
51824613.0	39639610.0	76.49	12185003.0	23.51	60571.0	0.12	BA45_CA2_cp_84_1	1
16142905.0	12285931.0	76.11	3856974.0	23.89	29303.0	0.18	BA46_CA1_ent_48_1	1
30974495.0	25153414.0	81.21	5821081.0	18.79	66714.0	0.22	BA46_CA1_ent_49_1	1
24100654.0	18601464.0	77.18	5499190.0	22.82	29145.0	0.12	BA46_CA1_ent_50_1	1
23190600.0	18775565.0	80.96	4415035.0	19.04	35861.0	0.15	BA46_CA1_ent_51_1	1
37132810.0	27421340.0	73.85	9711470.0	26.15	74799.0	0.2	BA46_CA1_ent_52_1	1
30560087.0	24844938.0	81.3	5715149.0	18.7	53456.0	0.17	BA46_CA1_ent_53_1	1
22631505.0	18163298.0	80.26	4468207.0	19.74	31099.0	0.14	BA46_CA1_ent_54_1	1
22142310.0	17137541.0	77.4	5004769.0	22.6	38394.0	0.17	BA46_CA1_ent_55_1	1
32878105.0	25898030.0	78.77	6980075.0	21.23	38339.0	0.12	BA46_CA2_plx_84_1	1
38982873.0	34028441.0	87.29	4954432.0	12.71	70921.0	0.18	BA46_CA2_hi2_84_1	1
32499994.0	25565931.0	78.66	6934063.0	21.34	79483.0	0.24	BA46_CA2_vis_84_1	1
30260044.0	25190767.0	83.25	5069277.0	16.75	78802.0	0.26	BA46_CA2_ent_84_1	1
24856577.0	18472439.0	74.32	6384138.0	25.68	55245.0	0.22	BA46_CA2_mid_84_1	1
11583064.0	9022355.0	77.89	2560709.0	22.11	25083.0	0.22	BA46_CA2_pon_84_1	1
40442271.0	36514597.0	90.29	3927674.0	9.71	39984.0	0.1	BA46_CA2_cer_84_1	1
21662526.0	16799943.0	77.55	4862583.0	22.45	45975.0	0.21	BA46_CA2_med_84_1	1
25568183.0	21816808.0	85.33	3751375.0	14.67	22752.0	0.09	BA47_CA2_olf_61_1	1
38461751.0	34578427.0	89.9	3883324.0	10.1	44168.0	0.11	BA47_CA2_olf_62_1	1
28405935.0	23831142.0	83.89	4574793.0	16.11	25977.0	0.09	BA47_CA2_olf_63_1	1
33642104.0	29137226.0	86.61	4504878.0	13.39	40635.0	0.12	BA47_CA2_olf_64_1	1
36606543.0	29487533.0	80.55	7119010.0	19.45	39791.0	0.11	BA47_CA2_olf_65_1	1
36692242.0	30526643.0	83.2	6165599.0	16.8	46570.0	0.13	BA47_CA2_olf_66_1	1
25504250.0	21811083.0	85.52	3693167.0	14.48	20208.0	0.08	BA47_CA2_olf_67_1	1
29572893.0	25440326.0	86.03	4132567.0	13.97	28825.0	0.1	BA47_CA2_olf_68_1	1
29840154.0	22002772.0	73.74	7837382.0	26.26	46601.0	0.16	BA47_CA1_hy_15_1	1
35833622.0	29709163.0	82.91	6124459.0	17.09	54464.0	0.15	BA47_CA1_hy_16_1	1
25818923.0	19448692.0	75.33	6370231.0	24.67	40247.0	0.16	BA47_CA1_hy_17_1	1
35257649.0	27561565.0	78.17	7696084.0	21.83	65638.0	0.19	BA47_CA1_hy_18_1	1
21270761.0	15057476.0	70.79	6213285.0	29.21	30542.0	0.14	BA47_CA1_hy_19_1	1
16508681.0	12559772.0	76.08	3948909.0	23.92	24280.0	0.15	BA47_CA1_hy_20_1	1
20530497.0	13329596.0	64.93	7200901.0	35.07	26618.0	0.13	BA47_CA1_hy_21_1	1
15047734.0	11081248.0	73.64	3966486.0	26.36	22251.0	0.15	BA47_CA1_hy_22_1	1
26552854.0	22658724.0	85.33	3894130.0	14.67	22583.0	0.09	BA48_CA2_olf_69_1	1
31486885.0	27347906.0	86.85	4138979.0	13.15	21439.0	0.07	BA48_CA2_olf_70_1	1
23165373.0	18624937.0	80.4	4540436.0	19.6	15483.0	0.07	BA48_CA2_olf_71_1	1
29896157.0	23424173.0	78.35	6471984.0	21.65	24172.0	0.08	BA48_CA2_olf_72_1	1
42726854.0	33773814.0	79.05	8953040.0	20.95	32241.0	0.08	BA48_CA2_olf_73_1	1
31257990.0	23883787.0	76.41	7374203.0	23.59	21396.0	0.07	BA48_CA2_olf_74_1	1
28819738.0	20870042.0	72.42	7949696.0	27.58	19028.0	0.07	BA48_CA2_olf_75_1	1
26416979.0	20803711.0	78.75	5613268.0	21.25	21451.0	0.08	BA48_CA2_olf_76_1	1
28257032.0	25371518.0	89.79	2885514.0	10.21	14507.0	0.05	BA48_CA1_hy_23_1	1
29937307.0	24298971.0	81.17	5638336.0	18.83	26183.0	0.09	BA48_CA1_hy_24_1	1
28772844.0	22464719.0	78.08	6308125.0	21.92	31651.0	0.11	BA48_CA1_hy_25_1	1
36893885.0	27631211.0	74.89	9262674.0	25.11	43242.0	0.12	BA48_CA1_hy_26_1	1
28018538.0	22411823.0	79.99	5606715.0	20.01	26076.0	0.09	BA48_CA1_hy_27_1	1
21660676.0	17189716.0	79.36	4470960.0	20.64	26709.0	0.12	BA48_CA1_hy_28_1	1
23597001.0	15119612.0	64.07	8477389.0	35.93	60125.0	0.25	BA48_CA1_hy_29_1	1
22502357.0	15131111.0	67.24	7371246.0	32.76	27838.0	0.12	BA48_CA1_hy_30_1	1
34262277.0	30876176.0	90.12	3386101.0	9.88	46834.0	0.14	BA49_CA2_olf_77_1	1
29069446.0	26061756.0	89.65	3007690.0	10.35	43288.0	0.15	BA49_CA2_olf_78_1	1
6394635.0	5276894.0	82.52	1117741.0	17.48	4787.0	0.07	BA49_CA2_olf_79_1	1
31832204.0	27840285.0	87.46	3991919.0	12.54	40234.0	0.13	BA49_CA2_olf_80_1	1
42543394.0	38426473.0	90.32	4116921.0	9.68	43332.0	0.1	BA49_CA2_olf_81_1	1
32167066.0	30682081.0	95.38	1484985.0	4.62	12289.0	0.04	BA49_CA2_olf_82_1	1
22032350.0	20903426.0	94.88	1128924.0	5.12	13246.0	0.06	BA49_CA2_olf_83_1	1
33394720.0	25457526.0	76.23	7937194.0	23.77	40806.0	0.12	BA49_CA2_olf_84_1	1
26781299.0	22806218.0	85.16	3975081.0	14.84	45770.0	0.17	BA49_CA1_mid_45_1	1
33119997.0	28351439.0	85.6	4768558.0	14.4	60745.0	0.18	BA49_CA1_mid_46_1	1
27250681.0	22821765.0	83.75	4428916.0	16.25	57319.0	0.21	BA49_CA1_mid_47_1	1
29008615.0	23068691.0	79.52	5939924.0	20.48	54792.0	0.19	BA49_CA1_mid_48_1	1
27907595.0	22279130.0	79.83	5628465.0	20.17	45084.0	0.16	BA49_CA1_mid_49_1	1
1727166.0	1581447.0	91.56	145719.0	8.44	2212.0	0.13	BA49_CA1_mid_50_1	1
22275664.0	20906028.0	93.85	1369636.0	6.15	12410.0	0.06	BA49_CA1_mid_51_1	1
28645471.0	20160254.0	70.38	8485217.0	29.62	42481.0	0.15	BA49_CA1_mid_52_1	1
16950769.0	14476441.0	85.4	2474328.0	14.6	33077.0	0.2	BA50_CA1_mid_53_1	1
391284.0	347794.0	88.89	43490.0	11.11	892.0	0.23	BA50_CA1_mid_54_1	1
31261896.0	27194055.0	86.99	4067841.0	13.01	46697.0	0.15	BA50_CA1_mid_55_1	1
32209647.0	25400038.0	78.86	6809609.0	21.14	59765.0	0.19	BA50_CA1_mid_56_1	1
33252652.0	27141134.0	81.62	6111518.0	18.38	58318.0	0.18	BA50_CA1_mid_57_1	1
27436370.0	25601715.0	93.31	1834655.0	6.69	20020.0	0.07	BA50_CA1_mid_58_1	1
20563745.0	19225320.0	93.49	1338425.0	6.51	12838.0	0.06	BA50_CA1_mid_59_1	1
44629434.0	32240763.0	72.24	12388671.0	27.76	66724.0	0.15	BA50_CA1_pon_1_1	1
24086121.0	19620090.0	81.46	4466031.0	18.54	39503.0	0.16	BA50_CA1_pon_2_1	1
31675825.0	26790708.0	84.58	4885117.0	15.42	51663.0	0.16	BA50_CA1_pon_3_1	1
38071137.0	32387840.0	85.07	5683297.0	14.93	91308.0	0.24	BA50_CA2_svz_84_1	1
37532764.0	30347559.0	80.86	7185205.0	19.14	58383.0	0.16	BA50_CA1_pon_5_1	1
37188150.0	30932030.0	83.18	6256120.0	16.82	47949.0	0.13	BA50_CA1_pon_6_1	1
5717560.0	5314158.0	92.94	403402.0	7.06	5341.0	0.09	BA50_CA1_pon_7_1	1
33996933.0	32322712.0	95.08	1674221.0	4.92	15746.0	0.05	BA50_CA1_pon_8_1	1
36360159.0	26298406.0	72.33	10061753.0	27.67	45226.0	0.12	BA50_CA1_pon_9_1	1
23337922.0	19527774.0	83.67	3810148.0	16.33	32246.0	0.14	BA51_CA1_pon_10_1	1
83464.0	66746.0	79.97	16718.0	20.03	177.0	0.21	BA51_CA1_pon_11_1	1
31161024.0	25904642.0	83.13	5256382.0	16.87	40926.0	0.13	BA51_CA1_pon_12_1	1
33427610.0	24792513.0	74.17	8635097.0	25.83	45580.0	0.14	BA51_CA1_pon_13_1	1
27708408.0	19821937.0	71.54	7886471.0	28.46	40129.0	0.14	BA51_CA1_pon_14_1	1
13731223.0	12491476.0	90.97	1239747.0	9.03	14255.0	0.1	BA51_CA1_pon_15_1	1
29554997.0	26622637.0	90.08	2932360.0	9.92	20801.0	0.07	BA51_CA1_pon_16_1	1
41808121.0	32335188.0	77.34	9472933.0	22.66	58942.0	0.14	BA51_CA1_pon_17_1	1
29589922.0	26095962.0	88.19	3493960.0	11.81	61047.0	0.21	BA51_CA1_pon_58_1	1
10873137.0	9271872.0	85.27	1601265.0	14.73	22407.0	0.21	BA51_CA1_pon_59_1	1
41108528.0	37991565.0	92.42	3116963.0	7.58	45253.0	0.11	BA51_CA1_cer_1_1	1
39036837.0	34310068.0	87.89	4726769.0	12.11	47598.0	0.12	BA51_CA1_cer_2_1	1
42293407.0	37755871.0	89.27	4537536.0	10.73	46548.0	0.11	BA51_CA1_cer_3_1	1
11492106.0	10707895.0	93.18	784211.0	6.82	9293.0	0.08	BA51_CA2_cc_84_1	1
38461683.0	36688132.0	95.39	1773551.0	4.61	18582.0	0.05	BA51_CA1_cer_5_1	1
39022692.0	34409558.0	88.18	4613134.0	11.82	35739.0	0.09	BA51_CA1_cer_6_1	1
11780397.0	10123402.0	85.93	1656995.0	14.07	14747.0	0.13	BA52_CA1_pon_18_1	1
11309390.0	10015138.0	88.56	1294252.0	11.44	14921.0	0.13	BA52_CA1_pon_19_1	1
17700379.0	15134183.0	85.5	2566196.0	14.5	25689.0	0.15	BA52_CA1_pon_20_1	1
20944486.0	16841297.0	80.41	4103189.0	19.59	24349.0	0.12	BA52_CA1_pon_21_1	1
22358654.0	17337010.0	77.54	5021644.0	22.46	27390.0	0.12	BA52_CA1_pon_22_1	1
19638794.0	17713896.0	90.2	1924898.0	9.8	23072.0	0.12	BA52_CA1_pon_23_1	1
15805766.0	14396515.0	91.08	1409251.0	8.92	12860.0	0.08	BA52_CA1_pon_24_1	1
28092535.0	23099131.0	82.23	4993404.0	17.77	31970.0	0.11	BA52_CA1_pon_25_1	1
22349902.0	20244264.0	90.58	2105638.0	9.42	23770.0	0.11	BA52_CA1_cer_7_1	1
15244534.0	13443781.0	88.19	1800753.0	11.81	15516.0	0.1	BA52_CA1_cer_8_1	1
20295256.0	18259902.0	89.97	2035354.0	10.03	21946.0	0.11	BA52_CA1_cer_9_1	1
30807370.0	26690409.0	86.64	4116961.0	13.36	34724.0	0.11	BA52_CA1_cer_10_1	1
24512737.0	21073607.0	85.97	3439130.0	14.03	27167.0	0.11	BA52_CA1_cer_11_1	1
9416824.0	8714767.0	92.54	702057.0	7.46	12542.0	0.13	BA52_CA1_cer_12_1	1
162549265.0	151238979.0	93.04	11310286.0	6.96	115270.0	0.07	BA52_CA1_cer_13_1	1
20924281.0	17904124.0	85.57	3020157.0	14.43	21180.0	0.1	BA52_CA1_cer_14_1	1
17710810.0	14774700.0	83.42	2936110.0	16.58	55315.0	0.31	BA53_CA2_th_84_1	1
43451.0	37721.0	86.81	5730.0	13.19	120.0	0.28	BA53_CA1_pon_27_1	1
22356997.0	19322166.0	86.43	3034831.0	13.57	31752.0	0.14	BA53_CA1_pon_28_1	1
39662413.0	32882840.0	82.91	6779573.0	17.09	49082.0	0.12	BA53_CA1_pon_29_1	1
49946951.0	40356603.0	80.8	9590348.0	19.2	75053.0	0.15	BA53_CA1_pon_30_1	1
31465793.0	26877396.0	85.42	4588397.0	14.58	49233.0	0.16	BA53_CA1_pon_31_1	1
31169003.0	25886089.0	83.05	5282914.0	16.95	35422.0	0.11	BA53_CA1_pon_32_1	1
36850215.0	29830896.0	80.95	7019319.0	19.05	41794.0	0.11	BA53_CA1_pon_33_1	1
29796860.0	26150859.0	87.76	3646001.0	12.24	30221.0	0.1	BA53_CA1_cer_15_1	1
23177972.0	20318282.0	87.66	2859690.0	12.34	22969.0	0.1	BA53_CA1_cer_16_1	1
33564968.0	29794171.0	88.77	3770797.0	11.23	35822.0	0.11	BA53_CA1_cer_17_1	1
42051153.0	37089422.0	88.2	4961731.0	11.8	46913.0	0.11	BA53_CA1_cer_18_1	1
44669764.0	37192974.0	83.26	7476790.0	16.74	48853.0	0.11	BA53_CA1_cer_19_1	1
18199775.0	15826525.0	86.96	2373250.0	13.04	23131.0	0.13	BA53_CA1_cer_20_1	1
30236867.0	27384335.0	90.57	2852532.0	9.43	20420.0	0.07	BA53_CA1_cer_21_1	1
6877.0	2244.0	32.63	4633.0	67.37	6.0	0.09	BA53_CA1_cer_22_1	1
3452.0	2781.0	80.56	671.0	19.44	9.0	0.26	BA54_CA1_pon_34_1	1
9386.0	7625.0	81.24	1761.0	18.76	16.0	0.17	BA54_CA1_pon_35_1	1
27493278.0	22731123.0	82.68	4762155.0	17.32	26514.0	0.1	BA54_CA1_pon_36_1	1
40315691.0	28288482.0	70.17	12027209.0	29.83	40181.0	0.1	BA54_CA1_pon_37_1	1
50616327.0	36422825.0	71.96	14193502.0	28.04	55536.0	0.11	BA54_CA1_pon_38_1	1
29633648.0	20077399.0	67.75	9556249.0	32.25	46889.0	0.16	BA54_CA1_pon_39_1	1
30678067.0	20359995.0	66.37	10318072.0	33.63	38326.0	0.12	BA54_CA1_pon_40_1	1
30062728.0	22545222.0	74.99	7517506.0	25.01	30422.0	0.1	BA54_CA1_pon_41_1	1
33471576.0	30649915.0	91.57	2821661.0	8.43	35841.0	0.11	BA54_CA1_cer_23_1	1
17955.0	16305.0	90.81	1650.0	9.19	15.0	0.08	BA54_CA1_cer_24_1	1
35040781.0	31727307.0	90.54	3313474.0	9.46	36277.0	0.1	BA54_CA1_cer_25_1	1
61219257.0	50754880.0	82.91	10464377.0	17.09	73634.0	0.12	BA54_CA1_cer_26_1	1
52825198.0	45356071.0	85.86	7469127.0	14.14	61412.0	0.12	BA54_CA1_cer_27_1	1
29400271.0	25679094.0	87.34	3721177.0	12.66	38296.0	0.13	BA54_CA1_cer_28_1	1
9671.0	8540.0	88.31	1131.0	11.69	60.0	0.62	BA54_CA1_cer_29_1	1
35510481.0	31266415.0	88.05	4244066.0	11.95	33641.0	0.09	BA54_CA1_cer_30_1	1
3305775.0	2660387.0	80.48	645388.0	19.52	4534.0	0.14	BA55_CA1_cer_39_1	1
21118144.0	18593186.0	88.04	2524958.0	11.96	25163.0	0.12	BA55_CA1_cer_40_1	1
20855954.0	16498706.0	79.11	4357248.0	20.89	17103.0	0.08	BA55_CA1_cer_41_1	1
35570571.0	29202274.0	82.1	6368297.0	17.9	56148.0	0.16	BA55_CA1_cer_42_1	1
43505503.0	36749854.0	84.47	6755649.0	15.53	78218.0	0.18	BA55_CA1_cer_43_1	1
40357602.0	38642374.0	95.75	1715228.0	4.25	23464.0	0.06	BA55_CA1_cer_44_1	1
29171835.0	27770967.0	95.2	1400868.0	4.8	20442.0	0.07	BA55_CA1_cer_45_1	1
8972161.0	7826279.0	87.23	1145882.0	12.77	9463.0	0.11	BA55_CA1_cer_46_1	1
56566532.0	51006675.0	90.17	5559857.0	9.83	54251.0	0.1	BA55_CA1_cer_55_1	1
31607670.0	28132749.0	89.01	3474921.0	10.99	30627.0	0.1	BA55_CA1_cer_56_1	1
31219275.0	27248360.0	87.28	3970915.0	12.72	50128.0	0.16	BA55_CA1_cer_57_1	1
34554091.0	29373465.0	85.01	5180626.0	14.99	51566.0	0.15	BA55_CA1_cer_58_1	1
42227602.0	33897030.0	80.27	8330572.0	19.73	71069.0	0.17	BA55_CA1_cer_59_1	1
3088209.0	2746275.0	88.93	341934.0	11.07	4871.0	0.16	BA55_CA1_med_1_1	1
15502571.0	14532432.0	93.74	970139.0	6.26	13167.0	0.08	BA55_CA1_med_2_1	1
28228163.0	23398576.0	82.89	4829587.0	17.11	63582.0	0.23	BA55_CA1_med_3_1	1
28492661.0	25946840.0	91.06	2545821.0	8.94	29383.0	0.1	BA56_CA1_cer_47_1	1
34047424.0	30588968.0	89.84	3458456.0	10.16	39055.0	0.11	BA56_CA1_cer_48_1	1
24908655.0	21899237.0	87.92	3009418.0	12.08	31312.0	0.13	BA56_CA1_cer_49_1	1
24570690.0	19851743.0	80.79	4718947.0	19.21	36104.0	0.15	BA56_CA1_cer_50_1	1
31383960.0	26644978.0	84.9	4738982.0	15.1	49349.0	0.16	BA56_CA1_cer_51_1	1
44440842.0	42381935.0	95.37	2058907.0	4.63	20455.0	0.05	BA56_CA1_cer_52_1	1
28245109.0	26722217.0	94.61	1522892.0	5.39	12544.0	0.04	BA56_CA1_cer_53_1	1
20234005.0	17535432.0	86.66	2698573.0	13.34	26075.0	0.13	BA56_CA1_cer_54_1	1
54376281.0	46554331.0	85.62	7821950.0	14.38	240294.0	0.44	BA56_CA2_hy_84_1	1
17501255.0	13941365.0	79.66	3559890.0	20.34	44307.0	0.25	BA56_CA1_med_5_1	1
19975460.0	15986473.0	80.03	3988987.0	19.97	55013.0	0.28	BA56_CA1_med_6_1	1
27524568.0	19496946.0	70.83	8027622.0	29.17	86966.0	0.32	BA56_CA1_med_7_1	1
38112765.0	28207357.0	74.01	9905408.0	25.99	87772.0	0.23	BA56_CA1_med_8_1	1
5516618.0	4962760.0	89.96	553858.0	10.04	13142.0	0.24	BA56_CA1_med_9_1	1
39279607.0	36955353.0	94.08	2324254.0	5.92	33203.0	0.08	BA56_CA1_med_10_1	1
14502875.0	10579117.0	72.94	3923758.0	27.06	37861.0	0.26	BA56_CA1_med_11_1	1
14763966.0	12784503.0	86.59	1979463.0	13.41	21475.0	0.15	BA57_CA1_med_12_1	1
29491483.0	24018814.0	81.44	5472669.0	18.56	33775.0	0.11	BA57_CA1_med_13_1	1
25826829.0	20456795.0	79.21	5370034.0	20.79	29855.0	0.12	BA57_CA1_med_14_1	1
32188786.0	22057768.0	68.53	10131018.0	31.47	47900.0	0.15	BA57_CA1_med_15_1	1
22515827.0	16900729.0	75.06	5615098.0	24.94	33415.0	0.15	BA57_CA1_med_16_1	1
17569262.0	15477989.0	88.1	2091273.0	11.9	27734.0	0.16	BA57_CA1_med_17_1	1
28158105.0	25293043.0	89.83	2865062.0	10.17	27952.0	0.1	BA57_CA1_med_18_1	1
19196505.0	13498401.0	70.32	5698104.0	29.68	21589.0	0.11	BA57_CA1_med_19_1	1
36926718.0	31251990.0	84.63	5674728.0	15.37	50306.0	0.14	BA57_CA1_med_20_1	1
36671309.0	31426946.0	85.7	5244363.0	14.3	46666.0	0.13	BA57_CA1_med_21_1	1
28987239.0	23248118.0	80.2	5739121.0	19.8	42211.0	0.15	BA57_CA1_med_22_1	1
28626010.0	21721190.0	75.88	6904820.0	24.12	46674.0	0.16	BA57_CA1_med_23_1	1
28047447.0	21929891.0	78.19	6117556.0	21.81	38656.0	0.14	BA57_CA1_med_24_1	1
17980781.0	15315517.0	85.18	2665264.0	14.82	28786.0	0.16	BA57_CA1_med_25_1	1
37508961.0	34554102.0	92.12	2954859.0	7.88	40567.0	0.11	BA57_CA1_med_26_1	1
16079058.0	11824926.0	73.54	4254132.0	26.46	22333.0	0.14	BA57_CA1_med_27_1	1
24813430.0	21471142.0	86.53	3342288.0	13.47	51154.0	0.21	BA58_CA1_med_28_1	1
24927548.0	21299620.0	85.45	3627928.0	14.55	37653.0	0.15	BA58_CA1_med_29_1	1
28724195.0	24056814.0	83.75	4667381.0	16.25	45987.0	0.16	BA58_CA1_med_30_1	1
31747032.0	24868662.0	78.33	6878370.0	21.67	59456.0	0.19	BA58_CA1_med_31_1	1
24783139.0	19062388.0	76.92	5720751.0	23.08	40257.0	0.16	BA58_CA1_med_32_1	1
25035528.0	22639485.0	90.43	2396043.0	9.57	48942.0	0.2	BA58_CA1_med_33_1	1
25987020.0	23796289.0	91.57	2190731.0	8.43	26743.0	0.1	BA58_CA1_med_34_1	1
28295574.0	21202067.0	74.93	7093507.0	25.07	44189.0	0.16	BA58_CA1_med_35_1	1
36903466.0	32011681.0	86.74	4891785.0	13.26	48725.0	0.13	BA58_CA1_med_36_1	1
25837640.0	21549728.0	83.4	4287912.0	16.6	34527.0	0.13	BA58_CA1_med_37_1	1
27083509.0	22502585.0	83.09	4580924.0	16.91	44950.0	0.17	BA58_CA1_med_38_1	1
27243739.0	21465999.0	78.79	5777740.0	21.21	50090.0	0.18	BA58_CA1_med_39_1	1
34366750.0	27202199.0	79.15	7164551.0	20.85	57612.0	0.17	BA58_CA1_med_40_1	1
11923190.0	10441774.0	87.58	1481416.0	12.42	33629.0	0.28	BA58_CA1_med_41_1	1
22062989.0	20066348.0	90.95	1996641.0	9.05	32377.0	0.15	BA58_CA1_med_42_1	1
23492917.0	18527804.0	78.87	4965113.0	21.13	41125.0	0.18	BA58_CA1_med_43_1	1
33480794.0	29185514.0	87.17	4295280.0	12.83	60955.0	0.18	BA59_CA1_med_44_1	1
30651530.0	26327493.0	85.89	4324037.0	14.11	36269.0	0.12	BA59_CA1_med_45_1	1
24410114.0	20447189.0	83.77	3962925.0	16.23	32935.0	0.13	BA59_CA1_med_46_1	1
28774286.0	22190910.0	77.12	6583376.0	22.88	37723.0	0.13	BA59_CA1_med_47_1	1
40609675.0	33155486.0	81.64	7454189.0	18.36	67680.0	0.17	BA59_CA1_med_49_1	1
20629675.0	17377235.0	84.23	3252440.0	15.77	39593.0	0.19	BA59_CA1_med_48_1	1
32444647.0	27056172.0	83.39	5388475.0	16.61	46662.0	0.14	BA59_CA1_med_50_1	1
29366403.0	23385296.0	79.63	5981107.0	20.37	44568.0	0.15	BA59_CA1_med_51_1	1
37256882.0	31687770.0	85.05	5569112.0	14.95	43223.0	0.12	BA59_CA1_med_52_1	1
32974368.0	27834118.0	84.41	5140250.0	15.59	34058.0	0.1	BA59_CA1_med_53_1	1
21213526.0	16463966.0	77.61	4749560.0	22.39	29427.0	0.14	BA59_CA1_med_54_1	1
22163756.0	15745410.0	71.04	6418346.0	28.96	34016.0	0.15	BA59_CA1_med_55_1	1
24431608.0	18575147.0	76.03	5856461.0	23.97	35168.0	0.14	BA59_CA1_med_56_1	1
11503968.0	9117175.0	79.25	2386793.0	20.75	23930.0	0.21	BA59_CA1_med_57_1	1
14653554.0	11427338.0	77.98	3226216.0	22.02	21785.0	0.15	BA59_CA1_med_58_1	1
18728106.0	14635958.0	78.15	4092148.0	21.85	31462.0	0.17	BA59_CA1_med_59_1	1
22381876.0	17985968.0	80.36	4395908.0	19.64	60400.0	0.27	BA60_CA2_plx_61_1	1
29546816.0	24277371.0	82.17	5269445.0	17.83	44772.0	0.15	BA60_CA2_hi2_61_1	1
27958703.0	21235036.0	75.95	6723667.0	24.05	57337.0	0.21	BA60_CA2_vis_61_1	1
27523445.0	19862240.0	72.16	7661205.0	27.84	40821.0	0.15	BA60_CA2_ent_61_1	1
20758001.0	15007354.0	72.3	5750647.0	27.7	41188.0	0.2	BA60_CA2_mid_61_1	1
15249906.0	9500538.0	62.3	5749368.0	37.7	23017.0	0.15	BA60_CA2_pon_61_1	1
23314022.0	17839593.0	76.52	5474429.0	23.48	26466.0	0.11	BA60_CA2_cer_61_1	1
35445563.0	25776562.0	72.72	9669001.0	27.28	72469.0	0.2	BA60_CA2_med_61_1	1
44397373.0	36212404.0	81.56	8184969.0	18.44	141985.0	0.32	BA60_CA2_cor_61_1	1
2219.0	1930.0	86.98	289.0	13.02			BA60_CA2_cor_62_1	1
7320186.0	6688565.0	91.37	631621.0	8.63	3868.0	0.05	BA60_CA2_cp_62_1	1
58527295.0	45772007.0	78.21	12755288.0	21.79	108226.0	0.18	BA60_CA2_svz_62_1	1
44138020.0	35876345.0	81.28	8261675.0	18.72	83660.0	0.19	BA60_CA2_cc_62_1	1
22992985.0	16900706.0	73.5	6092279.0	26.5	43347.0	0.19	BA60_CA2_th_62_1	1
35907896.0	26165404.0	72.87	9742492.0	27.13	69531.0	0.19	BA60_CA2_hy_62_1	1
17122539.0	15125747.0	88.34	1996792.0	11.66	45789.0	0.27	BA60_CA2_hi_62_1	1
33455805.0	28315231.0	84.63	5140574.0	15.37	97529.0	0.29	BA61_CA2_plx_81_1	1
4705106.0	2884122.0	61.3	1820984.0	38.7	8162.0	0.17	BA61_CA2_hi2_62_1	1
16373944.0	8601398.0	52.53	7772546.0	47.47	35417.0	0.22	BA61_CA2_vis_62_1	1
29603828.0	23588514.0	79.68	6015314.0	20.32	39023.0	0.13	BA61_CA2_ent_62_1	1
30385906.0	27271983.0	89.75	3113923.0	10.25	64309.0	0.21	BA61_CA2_mid_62_1	1
19415715.0	17504947.0	90.16	1910768.0	9.84	17040.0	0.09	BA61_CA2_pon_62_1	1
28148297.0	26673823.0	94.76	1474474.0	5.24	9811.0	0.03	BA61_CA2_cer_62_1	1
17879968.0	11056612.0	61.84	6823356.0	38.16	47747.0	0.27	BA61_CA2_med_62_1	1
35827896.0	30309780.0	84.6	5518116.0	15.4	71393.0	0.2	BA61_CA2_cp_61_1	1
32401851.0	25215775.0	77.82	7186076.0	22.18	147229.0	0.45	BA61_CA2_cor_63_1	1
26569195.0	15706143.0	59.11	10863052.0	40.89	47660.0	0.18	BA61_CA2_cp_63_1	1
34670229.0	29850072.0	86.1	4820157.0	13.9	42378.0	0.12	BA61_CA2_svz_63_1	1
31472612.0	28423215.0	90.31	3049397.0	9.69	27453.0	0.09	BA61_CA2_cc_63_1	1
8932245.0	7965846.0	89.18	966399.0	10.82	8331.0	0.09	BA61_CA2_th_63_1	1
31761354.0	29132943.0	91.72	2628411.0	8.28	24668.0	0.08	BA61_CA2_hy_63_1	1
22980795.0	14504751.0	63.12	8476044.0	36.88	57080.0	0.25	BA61_CA2_hi_63_1	1
34557995.0	28362848.0	82.07	6195147.0	17.93	93783.0	0.27	BA62_CA2_plx_63_1	1
33461654.0	27860220.0	83.26	5601434.0	16.74	117664.0	0.35	BA62_CA2_hi2_63_1	1
22443198.0	11485195.0	51.17	10958003.0	48.83	25871.0	0.12	BA62_CA2_vis_63_1	1
23908893.0	19302171.0	80.73	4606722.0	19.27	26948.0	0.11	BA62_CA2_ent_63_1	1
38978810.0	35805342.0	91.86	3173468.0	8.14	30149.0	0.08	BA62_CA2_hi2_81_1	1
24809275.0	22034100.0	88.81	2775175.0	11.19	24652.0	0.1	BA62_CA2_pon_63_1	1
25914194.0	24225037.0	93.48	1689157.0	6.52	12534.0	0.05	BA62_CA2_cer_63_1	1
29443192.0	20444617.0	69.44	8998575.0	30.56	75781.0	0.26	BA62_CA2_med_63_1	1
23258310.0	18497603.0	79.53	4760707.0	20.47	36086.0	0.16	BA62_CA2_svz_61_1	1
37310270.0	30811421.0	82.58	6498849.0	17.42	117633.0	0.32	BA62_CA2_mid_81_1	1
25082428.0	15539152.0	61.95	9543276.0	38.05	76548.0	0.31	BA62_CA2_pon_81_1	1
33228100.0	28887245.0	86.94	4340855.0	13.06	43332.0	0.13	BA62_CA2_cer_81_1	1
25620777.0	21968085.0	85.74	3652692.0	14.26	42168.0	0.16	BA62_CA2_med_81_1	1
7494917.0	6008121.0	80.16	1486796.0	19.84	11560.0	0.15	BA62_CA2_th_64_1	1
30858281.0	28035731.0	90.85	2822550.0	9.15	32316.0	0.1	BA62_CA2_vis_81_1	1
19021080.0	12814380.0	67.37	6206700.0	32.63	52508.0	0.28	BA62_CA2_hi_64_1	1
32010775.0	25662129.0	80.17	6348646.0	19.83	73671.0	0.23	BA63_CA2_cor_82_1	1
28032001.0	22183512.0	79.14	5848489.0	20.86	40437.0	0.14	BA63_CA2_hi2_64_1	1
26835046.0	17433912.0	64.97	9401134.0	35.03	35302.0	0.13	BA63_CA2_vis_64_1	1
27022211.0	16706141.0	61.82	10316070.0	38.18	28218.0	0.1	BA63_CA2_ent_64_1	1
30346336.0	23219417.0	76.51	7126919.0	23.49	50217.0	0.17	BA63_CA2_mid_64_1	1
21010343.0	17859746.0	85.0	3150597.0	15.0	20698.0	0.1	BA63_CA2_cp_82_1	1
30137301.0	26515879.0	87.98	3621422.0	12.02	21657.0	0.07	BA63_CA2_cer_64_1	1
22094135.0	14152492.0	64.06	7941643.0	35.94	51250.0	0.23	BA63_CA2_med_64_1	1
376108.0	80082.0	21.29	296026.0	78.71	354.0	0.09	BA63_CA2_cc_61_1	1
27070992.0	20578967.0	76.02	6492025.0	23.98	102564.0	0.38	BA63_CA2_cor_65_1	1
34952187.0	24018597.0	68.72	10933590.0	31.28	64262.0	0.18	BA63_CA2_cp_65_1	1
30041558.0	20943202.0	69.71	9098356.0	30.29	35068.0	0.12	BA63_CA2_svz_65_1	1
32928018.0	26007608.0	78.98	6920410.0	21.02	36871.0	0.11	BA63_CA2_svz_82_1	1
20687117.0	16040848.0	77.54	4646269.0	22.46	42936.0	0.21	BA63_CA2_th_65_1	1
4804924.0	4421028.0	92.01	383896.0	7.99	6743.0	0.14	BA63_CA2_hy_65_1	1
36177691.0	29209307.0	80.74	6968384.0	19.26	66067.0	0.18	BA63_CA2_hi_65_1	1
38910583.0	33172927.0	85.25	5737656.0	14.75	214076.0	0.55	BA64_CA2_plx_65_1	1
37359663.0	31724679.0	84.92	5634984.0	15.08	94034.0	0.25	BA64_CA2_hi2_65_1	1
27110787.0	17887601.0	65.98	9223186.0	34.02	44316.0	0.16	BA64_CA2_vis_65_1	1
27354171.0	20821539.0	76.12	6532632.0	23.88	40947.0	0.15	BA64_CA2_cc_82_1	1
31599338.0	25362716.0	80.26	6236622.0	19.74	72023.0	0.23	BA64_CA2_mid_65_1	1
22055045.0	16870407.0	76.49	5184638.0	23.51	40702.0	0.18	BA64_CA2_pon_65_1	1
1306452.0	1131262.0	86.59	175190.0	13.41	1561.0	0.12	BA64_CA2_cer_65_1	1
26965268.0	19311517.0	71.62	7653751.0	28.38	64996.0	0.24	BA64_CA2_med_65_1	1
45075042.0	37778707.0	83.81	7296335.0	16.19	72786.0	0.16	BA64_CA2_th_61_1	1
32398194.0	27410768.0	84.61	4987426.0	15.39	115000.0	0.35	BA64_CA2_cor_66_1	1
26305308.0	18147073.0	68.99	8158235.0	31.01	51923.0	0.2	BA64_CA2_cp_66_1	1
27045751.0	19542924.0	72.26	7502827.0	27.74	49213.0	0.18	BA64_CA2_svz_66_1	1
29253257.0	23334154.0	79.77	5919103.0	20.23	43164.0	0.15	BA64_CA2_cc_66_1	1
13044595.0	9719277.0	74.51	3325318.0	25.49	22918.0	0.18	BA64_CA2_th_66_1	1
27713092.0	21592557.0	77.91	6120535.0	22.09	65364.0	0.24	BA64_CA2_hy_66_1	1
27353917.0	21813129.0	79.74	5540788.0	20.26	82358.0	0.3	BA64_CA2_hi_66_1	1
32890406.0	27331616.0	83.1	5558790.0	16.9	91737.0	0.28	BA65_CA2_plx_66_1	1
32531725.0	27043382.0	83.13	5488343.0	16.87	87299.0	0.27	BA65_CA2_hi2_66_1	1
26215947.0	17749635.0	67.71	8466312.0	32.29	37002.0	0.14	BA65_CA2_vis_66_1	1
28987130.0	20979329.0	72.37	8007801.0	27.63	41641.0	0.14	BA65_CA2_ent_66_1	1
33083999.0	23514597.0	71.08	9569402.0	28.92	62904.0	0.19	BA65_CA2_mid_66_1	1
23425286.0	14758551.0	63.0	8666735.0	37.0	37898.0	0.16	BA65_CA2_pon_66_1	1
34691670.0	27778748.0	80.07	6912922.0	19.93	41852.0	0.12	BA65_CA2_cer_66_1	1
25665163.0	18293636.0	71.28	7371527.0	28.72	47058.0	0.18	BA65_CA2_med_66_1	1
35418504.0	26841688.0	75.78	8576816.0	24.22	54737.0	0.15	BA65_CA2_hy_61_1	1
28082867.0	23057511.0	82.11	5025356.0	17.89	64679.0	0.23	BA65_CA2_cor_79_1	1
19863654.0	13954757.0	70.25	5908897.0	29.75	36869.0	0.19	BA65_CA2_cp_79_1	1
29084642.0	19826512.0	68.17	9258130.0	31.83	37297.0	0.13	BA65_CA2_svz_79_1	1
26077883.0	18870039.0	72.36	7207844.0	27.64	25589.0	0.1	BA65_CA2_cc_79_1	1
17424410.0	11114884.0	63.79	6309526.0	36.21	17797.0	0.1	BA65_CA2_th_79_1	1
32769324.0	25818451.0	78.79	6950873.0	21.21	58341.0	0.18	BA65_CA2_hy_79_1	1
16612460.0	13060720.0	78.62	3551740.0	21.38	35081.0	0.21	BA65_CA2_hi_79_1	1
20856771.0	17079991.0	81.89	3776780.0	18.11	56544.0	0.27	BA66_CA2_th_82_1	1
17995417.0	14028271.0	77.95	3967146.0	22.05	22700.0	0.13	BA66_CA2_hi2_79_1	1
18787433.0	13370774.0	71.17	5416659.0	28.83	27358.0	0.15	BA66_CA2_vis_79_1	1
25333664.0	14288372.0	56.4	11045292.0	43.6	30379.0	0.12	BA66_CA2_ent_79_1	1
24969760.0	15133023.0	60.61	9836737.0	39.39	38042.0	0.15	BA66_CA2_mid_79_1	1
30016970.0	18726940.0	62.39	11290030.0	37.61	32184.0	0.11	BA66_CA2_pon_79_1	1
24401100.0	18205530.0	74.61	6195570.0	25.39	29207.0	0.12	BA66_CA2_cer_79_1	1
24499578.0	18643557.0	76.1	5856021.0	23.9	41598.0	0.17	BA66_CA2_med_79_1	1
36337117.0	29652617.0	81.6	6684500.0	18.4	44288.0	0.12	BA66_CA2_hi_61_1	1
20154167.0	14774441.0	73.31	5379726.0	26.69	25517.0	0.13	BA66_CA2_cor_80_1	1
30211279.0	25636356.0	84.86	4574923.0	15.14	58807.0	0.19	BA66_CA2_hy_82_1	1
38672188.0	25371607.0	65.61	13300581.0	34.39	54737.0	0.14	BA66_CA2_svz_80_1	1
45405607.0	30292040.0	66.71	15113567.0	33.29	49058.0	0.11	BA66_CA2_cc_80_1	1
21884450.0	16077252.0	73.46	5807198.0	26.54	37871.0	0.17	BA66_CA2_th_80_1	1
44681857.0	32795065.0	73.4	11886792.0	26.6	98252.0	0.22	BA66_CA2_hy_80_1	1
26453311.0	23012658.0	86.99	3440653.0	13.01	40841.0	0.15	BA66_CA2_hi_80_1	1
45974989.0	40843100.0	88.84	5131889.0	11.16	280879.0	0.61	BA67_CA2_plx_82_1	1
24646467.0	19297460.0	78.3	5349007.0	21.7	64074.0	0.26	BA67_CA2_hi2_82_1	1
36080080.0	29384532.0	81.44	6695548.0	18.56	77965.0	0.22	BA67_CA2_vis_82_1	1
24843121.0	21584512.0	86.88	3258609.0	13.12	25105.0	0.1	BA67_CA2_ent_82_1	1
26553384.0	25138758.0	94.67	1414626.0	5.33	14801.0	0.06	BA67_CA2_cc_73_1	1
19414550.0	18281529.0	94.16	1133021.0	5.84	16792.0	0.09	BA67_CA2_th_73_1	1
21499397.0	20016355.0	93.1	1483042.0	6.9	26297.0	0.12	BA67_CA2_hy_73_1	1
19235688.0	13256303.0	68.92	5979385.0	31.08	40993.0	0.21	BA67_CA2_hi_73_1	1
41595918.0	37367254.0	89.83	4228664.0	10.17	173925.0	0.42	BA67_CA2_plx_74_1	1
36098288.0	29700087.0	82.28	6398201.0	17.72	72891.0	0.2	BA67_CA2_hi2_74_1	1
29334868.0	23530614.0	80.21	5804254.0	19.79	78432.0	0.27	BA67_CA2_vis_74_1	1
26379006.0	23571019.0	89.36	2807987.0	10.64	26595.0	0.1	BA67_CA2_hi_82_1	1
20854600.0	18999436.0	91.1	1855164.0	8.9	20493.0	0.1	BA67_CA2_mid_74_1	1
717450.0	669260.0	93.28	48190.0	6.72	634.0	0.09	BA67_CA2_pon_74_1	1
33228891.0	31520767.0	94.86	1708124.0	5.14	21959.0	0.07	BA67_CA2_cer_74_1	1
7516369.0	3407396.0	45.33	4108973.0	54.67	10542.0	0.14	BA67_CA2_med_74_1	1
44836235.0	39172049.0	87.37	5664186.0	12.63	86597.0	0.19	BA68_CA2_cp_67_1	1
21746372.0	16838083.0	77.43	4908289.0	22.57	100960.0	0.46	BA68_CA2_cor_74_1	1
33233185.0	26856195.0	80.81	6376990.0	19.19	60680.0	0.18	BA68_CA2_cp_74_1	1
23257180.0	18970066.0	81.57	4287114.0	18.43	43572.0	0.19	BA68_CA2_mid_82_1	1
31129273.0	28921238.0	92.91	2208035.0	7.09	18905.0	0.06	BA68_CA2_cc_74_1	1
20594248.0	19293703.0	93.68	1300545.0	6.32	13279.0	0.06	BA68_CA2_pon_82_1	1
22354035.0	18725332.0	83.77	3628703.0	16.23	42199.0	0.19	BA68_CA2_hy_74_1	1
32095445.0	26863261.0	83.7	5232184.0	16.3	88648.0	0.28	BA68_CA2_hi_74_1	1
34515738.0	29687217.0	86.01	4828521.0	13.99	141108.0	0.41	BA68_CA2_plx_73_1	1
31322015.0	24497871.0	78.21	6824144.0	21.79	56147.0	0.18	BA68_CA2_hi2_73_1	1
28151220.0	21695443.0	77.07	6455777.0	22.93	72499.0	0.26	BA68_CA2_vis_73_1	1
27749322.0	21206090.0	76.42	6543232.0	23.58	42880.0	0.15	BA68_CA2_ent_73_1	1
27059055.0	25283462.0	93.44	1775593.0	6.56	14301.0	0.05	BA68_CA2_cer_82_1	1
3266528.0	2825730.0	86.51	440798.0	13.49	3496.0	0.11	BA68_CA2_pon_73_1	1
36255063.0	32373262.0	89.29	3881801.0	10.71	33454.0	0.09	BA68_CA2_cer_73_1	1
28955271.0	21862912.0	75.51	7092359.0	24.49	89324.0	0.31	BA68_CA2_med_73_1	1
33942902.0	27876876.0	82.13	6066026.0	17.87	55109.0	0.16	BA69_CA2_svz_67_1	1
23638931.0	18894869.0	79.93	4744062.0	20.07	61767.0	0.26	BA69_CA2_cor_75_1	1
24266482.0	19115902.0	78.77	5150580.0	21.23	36472.0	0.15	BA69_CA2_cp_75_1	1
27312983.0	19339894.0	70.81	7973089.0	29.19	27112.0	0.1	BA69_CA2_svz_75_1	1
27903659.0	25262286.0	90.53	2641373.0	9.47	16104.0	0.06	BA69_CA2_cc_75_1	1
5650801.0	5096351.0	90.19	554450.0	9.81	4779.0	0.08	BA69_CA2_th_75_1	1
32570752.0	22799302.0	70.0	9771450.0	30.0	56881.0	0.17	BA69_CA2_hy_75_1	1
28365440.0	22316565.0	78.68	6048875.0	21.32	52624.0	0.19	BA69_CA2_hi_75_1	1
42884073.0	34652477.0	80.81	8231596.0	19.19	153355.0	0.36	BA69_CA2_med_82_1	1
39138744.0	32477611.0	82.98	6661133.0	17.02	194181.0	0.5	BA69_CA2_cor_76_1	1
29396829.0	23994387.0	81.62	5402442.0	18.38	157131.0	0.53	BA69_CA2_cp_76_1	1
33255858.0	25214337.0	75.82	8041521.0	24.18	49226.0	0.15	BA69_CA2_svz_76_1	1
33124688.0	28331259.0	85.53	4793429.0	14.47	26505.0	0.08	BA69_CA2_cc_76_1	1
13950407.0	12674796.0	90.86	1275611.0	9.14	15420.0	0.11	BA69_CA2_th_76_1	1
22557009.0	15446792.0	68.48	7110217.0	31.52	38855.0	0.17	BA69_CA2_cor_83_1	1
33420547.0	27162070.0	81.27	6258477.0	18.73	101223.0	0.3	BA69_CA2_hi_76_1	1
40935020.0	36427575.0	88.99	4507445.0	11.01	308085.0	0.75	BA70_CA2_plx_75_1	1
12989606.0	11018386.0	84.82	1971220.0	15.18	43294.0	0.33	BA70_CA2_hi2_75_1	1
29198249.0	24231457.0	82.99	4966792.0	17.01	117393.0	0.4	BA70_CA2_vis_75_1	1
36704472.0	31370501.0	85.47	5333971.0	14.53	76889.0	0.21	BA70_CA2_cp_83_1	1
30679381.0	26936548.0	87.8	3742833.0	12.2	76461.0	0.25	BA70_CA2_mid_75_1	1
27492607.0	25126501.0	91.39	2366106.0	8.61	39140.0	0.14	BA70_CA2_pon_75_1	1
43639926.0	37179351.0	85.2	6460575.0	14.8	74752.0	0.17	BA70_CA2_cer_75_1	1
41844698.0	32499758.0	77.67	9344940.0	22.33	181966.0	0.43	BA70_CA2_med_75_1	1
29920834.0	26568594.0	88.8	3352240.0	11.2	151917.0	0.51	BA70_CA2_plx_76_1	1
25006489.0	20711135.0	82.82	4295354.0	17.18	99502.0	0.4	BA70_CA2_svz_83_1	1
27294199.0	22700200.0	83.17	4593999.0	16.83	256814.0	0.94	BA70_CA2_vis_76_1	1
32213981.0	24625176.0	76.44	7588805.0	23.56	126102.0	0.39	BA70_CA2_cc_83_1	1
19139864.0	15970204.0	83.44	3169660.0	16.56	53426.0	0.28	BA70_CA2_mid_76_1	1
7136616.0	6145584.0	86.11	991032.0	13.89	19115.0	0.27	BA70_CA2_pon_76_1	1
16023577.0	11935621.0	74.49	4087956.0	25.51	38296.0	0.24	BA70_CA2_th_83_1	1
23679523.0	19053690.0	80.46	4625833.0	19.54	170717.0	0.72	BA70_CA2_med_76_1	1
26681841.0	23117847.0	86.64	3563994.0	13.36	84410.0	0.32	BA71_CA2_th_67_1	1
13877580.0	11555221.0	83.27	2322359.0	16.73	66427.0	0.48	BA71_CA2_cor_77_1	1
31572821.0	27342809.0	86.6	4230012.0	13.4	85744.0	0.27	BA71_CA2_cp_77_1	1
34328732.0	26228204.0	76.4	8100528.0	23.6	74921.0	0.22	BA71_CA2_hy_83_1	1
34099820.0	29710206.0	87.13	4389614.0	12.87	57174.0	0.17	BA71_CA2_hi_83_1	1
25488719.0	20480929.0	80.35	5007790.0	19.65	64096.0	0.25	BA71_CA2_th_77_1	1
16147.0	8336.0	51.63	7811.0	48.37	29.0	0.18	BA71_CA2_hi2_83_1	1
36203408.0	30870803.0	85.27	5332605.0	14.73	96106.0	0.27	BA71_CA2_hi_77_1	1
29186913.0	25586177.0	87.66	3600736.0	12.34	56154.0	0.19	BA71_CA2_hy_67_1	1
23356897.0	18774616.0	80.38	4582281.0	19.62	136568.0	0.58	BA71_CA2_cor_78_1	1
26516233.0	22172036.0	83.62	4344197.0	16.38	74069.0	0.28	BA71_CA2_cp_78_1	1
21419663.0	15730540.0	73.44	5689123.0	26.56	49559.0	0.23	BA71_CA2_svz_78_1	1
28126170.0	21376179.0	76.0	6749991.0	24.0	52306.0	0.19	BA71_CA2_cc_78_1	1
9589042.0	7020189.0	73.21	2568853.0	26.79	19732.0	0.21	BA71_CA2_th_78_1	1
66915422.0	49085620.0	73.35	17829802.0	26.65	216752.0	0.32	BA71_CA2_plx_83_1	1
23536061.0	20073032.0	85.29	3463029.0	14.71	92220.0	0.39	BA71_CA2_hi_78_1	1
29199705.0	24202627.0	82.89	4997078.0	17.11	109239.0	0.37	BA72_CA2_mid_83_1	1
18806509.0	15487491.0	82.35	3319018.0	17.65	40621.0	0.22	BA72_CA2_pon_83_1	1
23359574.0	17309028.0	74.1	6050546.0	25.9	43488.0	0.19	BA72_CA2_vis_77_1	1
19731783.0	12376911.0	62.73	7354872.0	37.27	36023.0	0.18	BA72_CA2_vis_83_1	1
22933787.0	14979060.0	65.31	7954727.0	34.69	55489.0	0.24	BA72_CA2_mid_77_1	1
29448229.0	17654217.0	59.95	11794012.0	40.05	40076.0	0.14	BA72_CA2_pon_77_1	1
31123631.0	21033200.0	67.58	10090431.0	32.42	45449.0	0.15	BA72_CA2_cer_77_1	1
23818759.0	18305313.0	76.85	5513446.0	23.15	56118.0	0.24	BA72_CA2_med_77_1	1
39172730.0	32521419.0	83.02	6651311.0	16.98	186714.0	0.48	BA72_CA2_plx_78_1	1
34878687.0	29111648.0	83.47	5767039.0	16.53	142846.0	0.41	BA72_CA2_hi2_78_1	1
30561034.0	24877509.0	81.4	5683525.0	18.6	91688.0	0.3	BA72_CA2_vis_78_1	1
39501911.0	26731521.0	67.67	12770390.0	32.33	61364.0	0.16	BA72_CA2_ent_78_1	1
38973196.0	30498556.0	78.26	8474640.0	21.74	48803.0	0.13	BA72_CA2_cer_83_1	1
26633847.0	20384634.0	76.54	6249213.0	23.46	59328.0	0.22	BA72_CA2_pon_78_1	1
29127168.0	23150874.0	79.48	5976294.0	20.52	66433.0	0.23	BA72_CA2_cer_78_1	1
12221175.0	11060166.0	90.5	1161009.0	9.5	6729.0	0.06	BA72_CA2_med_83_1	1
29182803.0	22562726.0	77.32	6620077.0	22.68	157978.0	0.54	BA73_CA2_plx_67_1	1
30065362.0	21580519.0	71.78	8484843.0	28.22	95025.0	0.32	BA73_CA2_hi2_67_1	1
22785501.0	16281539.0	71.46	6503962.0	28.54	118818.0	0.52	BA73_CA2_vis_67_1	1
4522959.0	2777125.0	61.4	1745834.0	38.6	21191.0	0.47	BA73_CA2_ent_67_1	1
43895426.0	33057075.0	75.31	10838351.0	24.69	186714.0	0.43	BA73_CA2_mid_67_1	1
27784431.0	24780460.0	89.19	3003971.0	10.81	65692.0	0.24	BA73_CA2_pon_67_1	1
34167770.0	31417370.0	91.95	2750400.0	8.05	36691.0	0.11	BA73_CA2_cer_67_1	1
20121144.0	10788544.0	53.62	9332600.0	46.38	76445.0	0.38	BA73_CA2_med_67_1	1
33497358.0	25419196.0	75.88	8078162.0	24.12	81357.0	0.24	BA73_CA2_hi_67_1	1
33447177.0	24538526.0	73.37	8908651.0	26.63	109753.0	0.33	BA73_CA2_cor_68_1	1
20206522.0	13383736.0	66.23	6822786.0	33.77	58083.0	0.29	BA73_CA2_cp_68_1	1
21330702.0	16663272.0	78.12	4667430.0	21.88	49103.0	0.23	BA73_CA2_svz_68_1	1
29846741.0	24965124.0	83.64	4881617.0	16.36	47919.0	0.16	BA73_CA2_cc_68_1	1
196361.0	159828.0	81.39	36533.0	18.61	674.0	0.34	BA73_CA2_th_68_1	1
20103644.0	18523258.0	92.14	1580386.0	7.86	37065.0	0.18	BA73_CA2_hy_68_1	1
15668045.0	12461679.0	79.54	3206366.0	20.46	39224.0	0.25	BA73_CA2_hi_68_1	1
27417864.0	21238877.0	77.46	6178987.0	22.54	145551.0	0.53	BA74_CA2_plx_68_1	1
16150058.0	12632503.0	78.22	3517555.0	21.78	72063.0	0.45	BA74_CA2_hi2_68_1	1
25312507.0	18428248.0	72.8	6884259.0	27.2	80504.0	0.32	BA74_CA2_vis_68_1	1
1163094.0	397416.0	34.17	765678.0	65.83	2079.0	0.18	BA74_CA2_ent_68_1	1
26877718.0	21695438.0	80.72	5182280.0	19.28	86150.0	0.32	BA74_CA2_mid_68_1	1
17991971.0	15826270.0	87.96	2165701.0	12.04	38095.0	0.21	BA74_CA2_pon_68_1	1
33797682.0	31403846.0	92.92	2393836.0	7.08	33440.0	0.1	BA74_CA2_cer_68_1	1
25440229.0	18064089.0	71.01	7376140.0	28.99	76527.0	0.3	BA74_CA2_med_68_1	1
30325898.0	23271265.0	76.74	7054633.0	23.26	93039.0	0.31	BA74_CA2_plx_80_1	1
24357950.0	17176607.0	70.52	7181343.0	29.48	122840.0	0.5	BA74_CA2_cor_69_1	1
21472815.0	14502116.0	67.54	6970699.0	32.46	57651.0	0.27	BA74_CA2_cp_69_1	1
36171491.0	26489839.0	73.23	9681652.0	26.77	104804.0	0.29	BA74_CA2_svz_69_1	1
28436630.0	22575401.0	79.39	5861229.0	20.61	48026.0	0.17	BA74_CA2_cc_69_1	1
11087165.0	9697564.0	87.47	1389601.0	12.53	31670.0	0.29	BA74_CA2_th_69_1	1
20316706.0	17726389.0	87.25	2590317.0	12.75	59110.0	0.29	BA74_CA2_hy_69_1	1
15457372.0	12276684.0	79.42	3180688.0	20.58	53548.0	0.35	BA74_CA2_hi_69_1	1
18217158.0	14050105.0	77.13	4167053.0	22.87	79863.0	0.44	BA75_CA2_plx_69_1	1
13413960.0	10473665.0	78.08	2940295.0	21.92	29670.0	0.22	BA75_CA2_hi2_69_1	1
16329748.0	11589972.0	70.97	4739776.0	29.03	40198.0	0.25	BA75_CA2_vis_69_1	1
16836452.0	11343581.0	67.38	5492871.0	32.62	70038.0	0.42	BA75_CA2_ent_69_1	1
27721428.0	20646452.0	74.48	7074976.0	25.52	96740.0	0.35	BA75_CA2_mid_69_1	1
29787143.0	24750455.0	83.09	5036688.0	16.91	83304.0	0.28	BA75_CA2_pon_69_1	1
29667208.0	26626302.0	89.75	3040906.0	10.25	36670.0	0.12	BA75_CA2_cer_69_1	1
21044323.0	15096319.0	71.74	5948004.0	28.26	60623.0	0.29	BA75_CA2_med_69_1	1
47527162.0	38655248.0	81.33	8871914.0	18.67	105047.0	0.22	BA75_CA2_hi2_80_1	1
20623859.0	16940309.0	82.14	3683550.0	17.86	84569.0	0.41	BA75_CA2_cor_70_1	1
31876597.0	25115727.0	78.79	6760870.0	21.21	103031.0	0.32	BA75_CA2_cp_70_1	1
32804877.0	27114021.0	82.65	5690856.0	17.35	75864.0	0.23	BA75_CA2_svz_70_1	1
40877118.0	33923065.0	82.99	6954053.0	17.01	61135.0	0.15	BA75_CA2_cc_70_1	1
25906220.0	21295669.0	82.2	4610551.0	17.8	119574.0	0.46	BA75_CA2_th_70_1	1
17612345.0	13490587.0	76.6	4121758.0	23.4	53317.0	0.3	BA75_CA2_hy_70_1	1
33809336.0	28065153.0	83.01	5744183.0	16.99	116406.0	0.34	BA75_CA2_hi_70_1	1
44006874.0	34918066.0	79.35	9088808.0	20.65	190648.0	0.43	BA76_CA2_plx_70_1	1
26650175.0	22436266.0	84.19	4213909.0	15.81	82300.0	0.31	BA76_CA2_hi2_70_1	1
38970603.0	30910591.0	79.32	8060012.0	20.68	176156.0	0.45	BA76_CA2_vis_70_1	1
23211237.0	18527699.0	79.82	4683538.0	20.18	146255.0	0.63	BA76_CA2_ent_70_1	1
22173845.0	17015213.0	76.74	5158632.0	23.26	134871.0	0.61	BA76_CA2_mid_70_1	1
29547902.0	23761459.0	80.42	5786443.0	19.58	125965.0	0.43	BA76_CA2_pon_70_1	1
30050731.0	26820522.0	89.25	3230209.0	10.75	44354.0	0.15	BA76_CA2_cer_70_1	1
19140044.0	13220644.0	69.07	5919400.0	30.93	61522.0	0.32	BA76_CA2_med_70_1	1
27009004.0	21323781.0	78.95	5685223.0	21.05	103655.0	0.38	BA76_CA2_vis_80_1	1
29236304.0	23282317.0	79.63	5953987.0	20.37	117501.0	0.4	BA76_CA2_cor_71_1	1
27391591.0	21901416.0	79.96	5490175.0	20.04	106735.0	0.39	BA76_CA2_cp_71_1	1
10769876.0	8373822.0	77.75	2396054.0	22.25	132234.0	1.23	BA76_CA2_svz_71_1	1
36007653.0	28212155.0	78.35	7795498.0	21.65	122827.0	0.34	BA76_CA2_cc_71_1	1
2237192.0	1836920.0	82.11	400272.0	17.89	13651.0	0.61	BA76_CA2_th_71_1	1
23750663.0	19720928.0	83.03	4029735.0	16.97	71046.0	0.3	BA76_CA2_hy_71_1	1
19439236.0	16006942.0	82.34	3432294.0	17.66	58473.0	0.3	BA76_CA2_hi_71_1	1
32036662.0	25117596.0	78.4	6919066.0	21.6	158133.0	0.49	BA77_CA2_plx_71_1	1
26751269.0	21449957.0	80.18	5301312.0	19.82	58952.0	0.22	BA77_CA2_hi2_71_1	1
52385399.0	37627034.0	71.83	14758365.0	28.17	118492.0	0.23	BA77_CA2_vis_71_1	1
22408289.0	17435676.0	77.81	4972613.0	22.19	67104.0	0.3	BA77_CA2_ent_71_1	1
48207409.0	35964009.0	74.6	12243400.0	25.4	224850.0	0.47	BA77_CA2_mid_71_1	1
29106677.0	22899378.0	78.67	6207299.0	21.33	110508.0	0.38	BA77_CA2_pon_71_1	1
42380631.0	36845535.0	86.94	5535096.0	13.06	52984.0	0.13	BA77_CA2_cer_71_1	1
22011047.0	15429881.0	70.1	6581166.0	29.9	67035.0	0.3	BA77_CA2_med_71_1	1
29204281.0	20396163.0	69.84	8808118.0	30.16	64320.0	0.22	BA77_CA2_ent_80_1	1
23003831.0	17359051.0	75.46	5644780.0	24.54	86469.0	0.38	BA77_CA2_cor_72_1	1
22736496.0	16225373.0	71.36	6511123.0	28.64	57362.0	0.25	BA77_CA2_cp_72_1	1
16783995.0	12748042.0	75.95	4035953.0	24.05	41955.0	0.25	BA77_CA2_svz_72_1	1
32613729.0	22556265.0	69.16	10057464.0	30.84	67346.0	0.21	BA77_CA2_cc_72_1	1
6419081.0	4718766.0	73.51	1700315.0	26.49	11967.0	0.19	BA77_CA2_th_72_1	1
23211313.0	18379293.0	79.18	4832020.0	20.82	63934.0	0.28	BA77_CA2_hy_72_1	1
20754739.0	16013871.0	77.16	4740868.0	22.84	70183.0	0.34	BA77_CA2_hi_72_1	1
43358545.0	31630567.0	72.95	11727978.0	27.05	165750.0	0.38	BA78_CA2_plx_72_1	1
29163.0	13428.0	46.04	15735.0	53.96	65.0	0.22	BA78_CA2_mid_80_1	1
22517861.0	16685385.0	74.1	5832476.0	25.9	38533.0	0.17	BA78_CA2_pon_80_1	1
39057525.0	26235504.0	67.17	12822021.0	32.83	99352.0	0.25	BA78_CA2_ent_72_1	1
23520817.0	16274933.0	69.19	7245884.0	30.81	57896.0	0.25	BA78_CA2_mid_72_1	1
49518771.0	41416821.0	83.64	8101950.0	16.36	68301.0	0.14	BA78_CA2_cer_80_1	1
43256073.0	35663241.0	82.45	7592832.0	17.55	56562.0	0.13	BA78_CA2_cer_72_1	1
33937690.0	25232711.0	74.35	8704979.0	25.65	92646.0	0.27	BA78_CA2_med_72_1	1
36950599.0	29388889.0	79.54	7561710.0	20.46	105887.0	0.29	BA78_CA2_med_80_1	1
37722510.0	31736179.0	84.13	5986331.0	15.87	135852.0	0.36	BA78_CA2_cor_81_1	1
2693666.0	2429357.0	90.19	264309.0	9.81	3910.0	0.15	BA78_CA2_cp_81_1	1
82981.0	29590.0	35.66	53391.0	64.34	159.0	0.19	BA78_CA2_svz_81_1	1
32070296.0	26261236.0	81.89	5809060.0	18.11	68494.0	0.21	BA78_CA2_cc_81_1	1
26456725.0	21842597.0	82.56	4614128.0	17.44	95538.0	0.36	BA78_CA2_th_81_1	1
24656.0	20768.0	84.23	3888.0	15.77	47.0	0.19	BA78_CA2_hy_81_1	1
40789256.0	36112137.0	88.53	4677119.0	11.47	118540.0	0.29	BA78_CA2_hi_81_1	1